id,protocol,use_tls,temperature,humidity,current,client_timestamp,server_timestamp,latency_ms,payload_size_bytes,created_at
1,mqtt,f,25.38,58.62,4.16,1772146033.791111,1772146033.8207786,29.66761589050293,90,2026-02-26 22:47:13.820937
2,mqtt,f,20.82,55.99,3.86,1772146033.8453326,1772146033.8486438,3.3111572265625,91,2026-02-26 22:47:13.848778
3,mqtt,f,22.98,40.5,2.6,1772146033.8996103,1772146033.902387,2.776622772216797,89,2026-02-26 22:47:13.9025
4,mqtt,f,27.01,53.04,1.24,1772146033.953376,1772146033.9560227,2.6466846466064453,90,2026-02-26 22:47:13.956133
5,mqtt,f,29.47,57.55,4.87,1772146034.0068305,1772146034.0094905,2.660036087036133,91,2026-02-26 22:47:14.009619
6,mqtt,f,27.54,53.38,1.56,1772146034.0602875,1772146034.063572,3.284454345703125,91,2026-02-26 22:47:14.063778
7,mqtt,f,23.4,53.07,3.48,1772146034.1147435,1772146034.1173189,2.575397491455078,90,2026-02-26 22:47:14.117426
8,mqtt,f,20.71,51.88,2.78,1772146034.1680775,1772146034.1709623,2.8848648071289062,91,2026-02-26 22:47:14.171058
9,mqtt,f,23.35,55.28,3.36,1772146034.2215476,1772146034.2238615,2.313852310180664,91,2026-02-26 22:47:14.223956
10,mqtt,f,21.4,50.27,3.02,1772146034.2749603,1772146034.2782438,3.2835006713867188,90,2026-02-26 22:47:14.278348
11,mqtt,f,25.44,42.49,4.57,1772146034.3290517,1772146034.3316777,2.6259422302246094,91,2026-02-26 22:47:14.331806
12,mqtt,f,20.53,50.71,2.08,1772146034.3824604,1772146034.3854604,3.000020980834961,91,2026-02-26 22:47:14.385589
13,mqtt,f,27.84,49.8,2.66,1772146034.4364698,1772146034.4389966,2.5267601013183594,90,2026-02-26 22:47:14.439105
14,mqtt,f,28.1,55.85,1.08,1772146034.4897685,1772146034.4939592,4.190683364868164,90,2026-02-26 22:47:14.49412
15,mqtt,f,21.75,57.32,2.74,1772146034.5447404,1772146034.5475721,2.831697463989258,91,2026-02-26 22:47:14.547685
16,mqtt,f,22.13,48.84,3.46,1772146034.59841,1772146034.6008909,2.4809837341308594,89,2026-02-26 22:47:14.601019
17,mqtt,f,27.51,52.91,4.26,1772146034.6516433,1772146034.6542578,2.6144981384277344,91,2026-02-26 22:47:14.654384
18,mqtt,f,29.3,48.85,2.11,1772146034.7051034,1772146034.7077668,2.6633739471435547,90,2026-02-26 22:47:14.707899
19,mqtt,f,26.16,56.99,4.14,1772146034.7585914,1772146034.761794,3.202676773071289,91,2026-02-26 22:47:14.761963
20,mqtt,f,28.4,57.02,4.95,1772146034.8127074,1772146034.8151264,2.418994903564453,90,2026-02-26 22:47:14.815216
21,mqtt,f,27.01,49.51,3.9,1772146034.8659167,1772146034.868588,2.6712417602539062,90,2026-02-26 22:47:14.868686
22,mqtt,f,26.96,46.61,1.89,1772146034.9193454,1772146034.922401,3.055572509765625,91,2026-02-26 22:47:14.922495
23,mqtt,f,27.19,44.31,3.49,1772146034.973447,1772146034.9767518,3.304719924926758,90,2026-02-26 22:47:14.976892
24,mqtt,f,26.47,51.72,4.81,1772146035.0274496,1772146035.0302954,2.84576416015625,91,2026-02-26 22:47:15.030426
25,mqtt,f,20.04,57.08,2.66,1772146035.0810754,1772146035.0851002,4.024744033813477,91,2026-02-26 22:47:15.08527
26,mqtt,f,29.03,46.98,3.98,1772146035.1358008,1772146035.138292,2.4912357330322266,91,2026-02-26 22:47:15.138463
27,mqtt,f,26.46,48.38,3.03,1772146035.189033,1772146035.1915448,2.511739730834961,90,2026-02-26 22:47:15.191637
28,mqtt,f,20.55,58.7,4.82,1772146035.242448,1772146035.245305,2.8569698333740234,89,2026-02-26 22:47:15.245404
29,mqtt,f,29.05,44.41,3.4,1772146035.2964506,1772146035.2990272,2.576589584350586,90,2026-02-26 22:47:15.299196
30,mqtt,f,20.53,51.9,2.65,1772146035.3496957,1772146035.3525333,2.837657928466797,90,2026-02-26 22:47:15.352632
31,mqtt,f,26.55,59.44,2.9,1772146035.4036558,1772146035.4069421,3.2863616943359375,90,2026-02-26 22:47:15.407043
32,mqtt,f,22.92,46.89,1.81,1772146035.457674,1772146035.460896,3.2219886779785156,90,2026-02-26 22:47:15.461021
33,mqtt,f,22.01,53.69,3.79,1772146035.5116918,1772146035.5143726,2.6807785034179688,91,2026-02-26 22:47:15.51447
34,mqtt,f,29.55,53.79,3.81,1772146035.5652444,1772146035.5691168,3.872394561767578,91,2026-02-26 22:47:15.569212
35,mqtt,f,23.06,50.61,3.59,1772146035.619859,1772146035.6239128,4.053831100463867,90,2026-02-26 22:47:15.624071
36,mqtt,f,21.42,51.76,3.94,1772146035.6746845,1772146035.677446,2.761363983154297,91,2026-02-26 22:47:15.67755
37,mqtt,f,21.31,44.44,3.53,1772146035.7281895,1772146035.7315223,3.332853317260742,91,2026-02-26 22:47:15.731632
38,mqtt,f,20.99,45.45,3.82,1772146035.7820082,1772146035.784632,2.6237964630126953,91,2026-02-26 22:47:15.784711
39,mqtt,f,28.7,48.47,3.82,1772146035.8355696,1772146035.8382738,2.704143524169922,90,2026-02-26 22:47:15.838363
40,mqtt,f,22.53,41.92,3.29,1772146035.8890586,1772146035.892293,3.234386444091797,91,2026-02-26 22:47:15.892385
41,mqtt,f,27.51,57.76,1.04,1772146035.943088,1772146035.9458091,2.721071243286133,90,2026-02-26 22:47:15.945962
42,mqtt,f,27.62,57.16,4.52,1772146035.9966905,1772146035.9997685,3.077983856201172,91,2026-02-26 22:47:15.999936
43,mqtt,f,22.52,40.15,2.36,1772146036.0503705,1772146036.0534165,3.0460357666015625,91,2026-02-26 22:47:16.053558
44,mqtt,f,29.5,48.98,4.73,1772146036.104099,1772146036.1074557,3.3566951751708984,89,2026-02-26 22:47:16.107581
45,mqtt,f,28.93,51.18,4.4,1772146036.1581004,1772146036.1614392,3.3388137817382812,90,2026-02-26 22:47:16.161577
46,mqtt,f,27.03,55.4,4.78,1772146036.212315,1772146036.2146308,2.3157596588134766,89,2026-02-26 22:47:16.21474
47,mqtt,f,26.1,46.18,4.65,1772146036.265317,1772146036.2679298,2.6128292083740234,89,2026-02-26 22:47:16.268089
48,mqtt,f,28.84,44.95,4.14,1772146036.3186748,1772146036.3216424,2.9675960540771484,91,2026-02-26 22:47:16.321769
49,mqtt,f,28.64,43.93,4.27,1772146036.3722777,1772146036.374665,2.3872852325439453,91,2026-02-26 22:47:16.374745
50,mqtt,f,24.9,58.44,2.39,1772146036.4254694,1772146036.428146,2.6764869689941406,90,2026-02-26 22:47:16.428255
51,mqtt,f,27.49,40.17,4.32,1772146036.4790099,1772146036.481526,2.516031265258789,91,2026-02-26 22:47:16.48162
52,mqtt,f,25.69,53.68,1.93,1772146036.5326915,1772146036.5367868,4.095315933227539,91,2026-02-26 22:47:16.536953
53,mqtt,f,28.29,58.65,3.07,1772146036.587848,1772146036.5941331,6.285190582275391,90,2026-02-26 22:47:16.594383
54,mqtt,f,22.24,40.08,3.66,1772146036.645308,1772146036.6478324,2.5243759155273438,90,2026-02-26 22:47:16.647918
55,mqtt,f,23.05,44.96,1.02,1772146036.6987622,1772146036.701928,3.165721893310547,91,2026-02-26 22:47:16.702026
56,mqtt,f,24.91,41.53,2.42,1772146036.7528033,1772146036.7556157,2.8123855590820312,91,2026-02-26 22:47:16.755729
57,mqtt,f,24.65,46.79,3,1772146036.806667,1772146036.8098211,3.1540393829345703,89,2026-02-26 22:47:16.809969
58,mqtt,f,27.37,43.25,2.82,1772146036.8606122,1772146036.8642871,3.6749839782714844,91,2026-02-26 22:47:16.864445
59,mqtt,f,29.68,52.38,3.57,1772146036.915194,1772146036.9188929,3.6988258361816406,90,2026-02-26 22:47:16.919015
60,mqtt,f,23.64,42.23,4.8,1772146036.9698222,1772146036.9723573,2.535104751586914,90,2026-02-26 22:47:16.972448
61,mqtt,f,27.15,42.02,1.39,1772146037.0233557,1772146037.0268767,3.520965576171875,91,2026-02-26 22:47:17.026964
62,mqtt,f,22.25,44.34,4.08,1772146037.077551,1772146037.0804296,2.8786659240722656,90,2026-02-26 22:47:17.080538
63,mqtt,f,26.34,57.61,4.66,1772146037.1312332,1772146037.1340034,2.7701854705810547,91,2026-02-26 22:47:17.134154
64,mqtt,f,27.8,54.74,2.71,1772146037.1847854,1772146037.1874175,2.63214111328125,90,2026-02-26 22:47:17.1875
65,mqtt,f,23.38,51.38,4.6,1772146037.2380242,1772146037.24108,3.0558109283447266,90,2026-02-26 22:47:17.241174
66,mqtt,f,27.95,54.85,3.23,1772146037.2919168,1772146037.295798,3.881216049194336,91,2026-02-26 22:47:17.295886
67,mqtt,f,21.55,49.83,2.47,1772146037.346378,1772146037.3491936,2.8154850006103516,90,2026-02-26 22:47:17.349294
68,mqtt,f,26.28,55.78,3.25,1772146037.3999362,1772146037.4028444,2.9082298278808594,91,2026-02-26 22:47:17.402951
69,mqtt,f,29.41,47.7,3.8,1772146037.453716,1772146037.456662,2.9458999633789062,88,2026-02-26 22:47:17.456801
70,mqtt,f,26.89,46.29,1.87,1772146037.5075297,1772146037.5116625,4.132747650146484,91,2026-02-26 22:47:17.511793
71,mqtt,f,29.59,46.29,1.08,1772146037.5626035,1772146037.5661705,3.5669803619384766,91,2026-02-26 22:47:17.566262
72,mqtt,f,23.01,52,4.36,1772146037.6168647,1772146037.6199884,3.123760223388672,90,2026-02-26 22:47:17.620081
73,mqtt,f,21.65,49.13,4.53,1772146037.6707675,1772146037.674913,4.145383834838867,91,2026-02-26 22:47:17.675061
74,mqtt,f,21.18,43.31,4.32,1772146037.7258873,1772146037.7295232,3.635883331298828,91,2026-02-26 22:47:17.729703
75,mqtt,f,25.59,55.18,4.24,1772146037.7803402,1772146037.78439,4.049777984619141,91,2026-02-26 22:47:17.784533
76,mqtt,f,29.54,48.78,1.01,1772146037.8354068,1772146037.8381093,2.702474594116211,91,2026-02-26 22:47:17.838271
77,mqtt,f,29.64,54.64,2.74,1772146037.8887296,1772146037.8916464,2.9168128967285156,91,2026-02-26 22:47:17.891893
78,mqtt,f,21.64,44.74,1.07,1772146037.9425006,1772146037.9452572,2.7565956115722656,91,2026-02-26 22:47:17.945401
79,mqtt,f,21.05,45.69,2.97,1772146037.9958472,1772146037.9983716,2.5243759155273438,91,2026-02-26 22:47:17.998504
80,mqtt,f,26.84,51.05,3.87,1772146038.0490935,1772146038.0528731,3.7796497344970703,91,2026-02-26 22:47:18.052964
81,mqtt,f,23.98,49.31,2.79,1772146038.1035004,1772146038.1060448,2.544403076171875,91,2026-02-26 22:47:18.106193
82,mqtt,f,27.57,47.71,3.91,1772146038.157072,1772146038.1597695,2.697467803955078,90,2026-02-26 22:47:18.159915
83,mqtt,f,23.19,57.6,4.68,1772146038.2106595,1772146038.2138147,3.155231475830078,90,2026-02-26 22:47:18.21398
84,mqtt,f,27.17,48.65,3.34,1772146038.26463,1772146038.2675133,2.8831958770751953,89,2026-02-26 22:47:18.267628
85,mqtt,f,28.53,47.66,4.67,1772146038.3184621,1772146038.321312,2.8498172760009766,91,2026-02-26 22:47:18.321449
86,mqtt,f,21.78,49.05,1.64,1772146038.3720472,1772146038.374396,2.3488998413085938,91,2026-02-26 22:47:18.374501
87,mqtt,f,23.33,41.67,2.79,1772146038.4251614,1772146038.4278276,2.6662349700927734,91,2026-02-26 22:47:18.42791
88,mqtt,f,25.43,56.43,4.76,1772146038.4787552,1772146038.4817162,2.9609203338623047,91,2026-02-26 22:47:18.482034
89,mqtt,f,28.05,42.56,2.53,1772146038.532488,1772146038.5357113,3.2231807708740234,90,2026-02-26 22:47:18.535844
90,mqtt,f,24.42,59.7,3.46,1772146038.5865288,1772146038.5896428,3.113985061645508,90,2026-02-26 22:47:18.58983
91,mqtt,f,27.18,41.92,2.6,1772146038.6402967,1772146038.643332,3.035306930541992,90,2026-02-26 22:47:18.643448
92,mqtt,f,21.11,47.42,1.98,1772146038.6941223,1772146038.6970115,2.8891563415527344,91,2026-02-26 22:47:18.697224
93,mqtt,f,24.76,58.34,2.81,1772146038.7478604,1772146038.7505915,2.7310848236083984,91,2026-02-26 22:47:18.750705
94,mqtt,f,26.34,45.6,2.82,1772146038.8013222,1772146038.8042107,2.8884410858154297,90,2026-02-26 22:47:18.804337
95,mqtt,f,29.53,48.38,1.6,1772146038.855253,1772146038.8579803,2.7272701263427734,89,2026-02-26 22:47:18.858217
96,mqtt,f,20.07,56.92,2.28,1772146038.908593,1772146038.9110203,2.427339553833008,90,2026-02-26 22:47:18.911126
97,mqtt,f,25.97,54.03,3.53,1772146038.961808,1772146038.9645102,2.7022361755371094,90,2026-02-26 22:47:18.964671
98,mqtt,f,23.03,53.41,2.5,1772146039.015215,1772146039.017895,2.680063247680664,89,2026-02-26 22:47:19.018037
99,mqtt,f,22.46,50.78,2.81,1772146039.0685802,1772146039.0726388,4.058599472045898,91,2026-02-26 22:47:19.072804
100,mqtt,f,23.47,45.88,3.65,1772146039.1236749,1772146039.1278863,4.21142578125,91,2026-02-26 22:47:19.128036
101,mqtt,f,20.72,58.16,2.04,1772146039.1790774,1772146039.1818268,2.7494430541992188,91,2026-02-26 22:47:19.181951
102,mqtt,f,24.91,52.4,1.28,1772146039.2326825,1772146039.2355473,2.864837646484375,90,2026-02-26 22:47:19.235708
103,mqtt,f,26.61,51.78,3.32,1772146039.2864532,1772146039.2893436,2.890348434448242,91,2026-02-26 22:47:19.289429
104,mqtt,f,28.86,59.59,4.41,1772146039.3400543,1772146039.342983,2.9287338256835938,91,2026-02-26 22:47:19.343092
105,mqtt,f,24.98,45.01,4.59,1772146039.3937936,1772146039.396541,2.7475357055664062,91,2026-02-26 22:47:19.396725
106,mqtt,f,27.8,56.52,4.27,1772146039.4471662,1772146039.4504123,3.2460689544677734,90,2026-02-26 22:47:19.450514
107,mqtt,f,27.89,57.15,2.98,1772146039.5014145,1772146039.5073974,5.982875823974609,91,2026-02-26 22:47:19.507519
108,mqtt,f,20.37,47.78,2.44,1772146039.5582397,1772146039.5624955,4.255771636962891,91,2026-02-26 22:47:19.562602
109,mqtt,f,24.11,43.84,2.06,1772146039.613225,1772146039.6173136,4.088640213012695,90,2026-02-26 22:47:19.617396
110,mqtt,f,28.76,51.87,1.26,1772146039.6679666,1772146039.670705,2.738475799560547,91,2026-02-26 22:47:19.670913
111,mqtt,f,26.2,54.28,4.92,1772146039.7216332,1772146039.7250097,3.376483917236328,90,2026-02-26 22:47:19.72515
112,mqtt,f,24.38,54.66,2.54,1772146039.7738132,1772146039.7777479,3.934621810913086,91,2026-02-26 22:47:19.777887
113,mqtt,f,21.76,41.69,3.33,1772146039.82837,1772146039.8306282,2.2580623626708984,89,2026-02-26 22:47:19.830717
114,mqtt,f,25.38,48.08,3.03,1772146039.8814018,1772146039.8844562,3.054380416870117,91,2026-02-26 22:47:19.884561
115,mqtt,f,20.43,49.38,4.3,1772146039.9352832,1772146039.9377449,2.461671829223633,90,2026-02-26 22:47:19.937838
116,mqtt,f,25.41,42.15,3.23,1772146039.988552,1772146039.991717,3.165006637573242,90,2026-02-26 22:47:19.991842
117,mqtt,f,26.67,49.82,3.97,1772146040.0423117,1772146040.0450504,2.7387142181396484,91,2026-02-26 22:47:20.045138
118,mqtt,f,27.21,48.84,2.42,1772146040.0958827,1772146040.0989425,3.059864044189453,91,2026-02-26 22:47:20.099068
119,mqtt,f,27.42,52.85,3.58,1772146040.149792,1772146040.1522236,2.431631088256836,90,2026-02-26 22:47:20.152326
120,mqtt,f,20.52,54.38,4.5,1772146040.2028713,1772146040.2058544,2.98309326171875,90,2026-02-26 22:47:20.205954
121,mqtt,f,27.38,48.96,2.32,1772146040.2565653,1772146040.2594957,2.9304027557373047,91,2026-02-26 22:47:20.259579
122,mqtt,f,28.2,53.87,4.75,1772146040.3101368,1772146040.313147,3.010272979736328,90,2026-02-26 22:47:20.313275
123,mqtt,f,25.32,53.82,1.25,1772146040.3639657,1772146040.3668783,2.9125213623046875,91,2026-02-26 22:47:20.366967
124,mqtt,f,23.05,48.49,4.03,1772146040.4175239,1772146040.4213893,3.865480422973633,91,2026-02-26 22:47:20.421469
125,mqtt,f,23.68,48.84,1.69,1772146040.4721324,1772146040.4758537,3.7212371826171875,91,2026-02-26 22:47:20.475938
126,mqtt,f,24.2,42.38,2.34,1772146040.526328,1772146040.529518,3.1898021697998047,89,2026-02-26 22:47:20.529718
127,mqtt,f,26.24,43.83,2.34,1772146040.5802698,1772146040.5831275,2.857685089111328,91,2026-02-26 22:47:20.583214
128,mqtt,f,20.67,45.33,2.83,1772146040.63436,1772146040.637608,3.247976303100586,89,2026-02-26 22:47:20.637777
129,mqtt,f,21.66,53.04,3.03,1772146040.6883066,1772146040.6909301,2.6235580444335938,91,2026-02-26 22:47:20.691021
130,mqtt,f,27.61,49.19,2.6,1772146040.741677,1772146040.745319,3.641843795776367,89,2026-02-26 22:47:20.745477
131,mqtt,f,27.7,52.47,3.58,1772146040.7963166,1772146040.7987845,2.4678707122802734,90,2026-02-26 22:47:20.798882
132,mqtt,f,20.18,48.58,1.17,1772146040.849585,1772146040.8522596,2.674579620361328,90,2026-02-26 22:47:20.852349
133,mqtt,f,26.94,45.25,4.32,1772146040.9029515,1772146040.905898,2.946615219116211,91,2026-02-26 22:47:20.906037
134,mqtt,f,24.01,47.89,2.89,1772146040.956581,1772146040.9595964,3.015279769897461,90,2026-02-26 22:47:20.959683
135,mqtt,f,21.02,52.97,4.13,1772146041.0102546,1772146041.013414,3.1592845916748047,91,2026-02-26 22:47:21.013505
136,mqtt,f,25.81,44.92,1.93,1772146041.06433,1772146041.0670695,2.739429473876953,89,2026-02-26 22:47:21.067164
137,mqtt,f,20.52,46.05,1.78,1772146041.1178563,1772146041.121066,3.209829330444336,91,2026-02-26 22:47:21.121252
138,mqtt,f,27.7,48.21,3.5,1772146041.1715996,1772146041.1741085,2.508878707885742,89,2026-02-26 22:47:21.174185
139,mqtt,f,25.76,57.7,2.43,1772146041.2250016,1772146041.2279024,2.900838851928711,90,2026-02-26 22:47:21.227968
140,mqtt,f,24.54,57.59,2.21,1772146041.2787893,1772146041.2815232,2.733945846557617,91,2026-02-26 22:47:21.281609
141,mqtt,f,26.39,50.35,3.89,1772146041.3321838,1772146041.334572,2.3882389068603516,91,2026-02-26 22:47:21.334648
142,mqtt,f,21.57,47.68,3.33,1772146041.3852797,1772146041.38902,3.7403106689453125,91,2026-02-26 22:47:21.389134
143,mqtt,f,24.3,53.57,2.1,1772146041.4398115,1772146041.4424706,2.6590824127197266,89,2026-02-26 22:47:21.442576
144,mqtt,f,29.1,52.86,2.33,1772146041.49321,1772146041.4955933,2.3832321166992188,88,2026-02-26 22:47:21.495693
145,mqtt,f,24.6,55.54,1.34,1772146041.5466797,1772146041.5523329,5.653142929077148,90,2026-02-26 22:47:21.552466
146,mqtt,f,20.36,44.11,4.35,1772146041.6033437,1772146041.6056662,2.3224353790283203,91,2026-02-26 22:47:21.605765
147,mqtt,f,26.93,47.63,4.99,1772146041.656361,1772146041.659064,2.702951431274414,90,2026-02-26 22:47:21.659159
148,mqtt,f,21.34,47.67,2.7,1772146041.7098098,1772146041.7148197,5.009889602661133,90,2026-02-26 22:47:21.714928
149,mqtt,f,20.22,59.31,3.76,1772146041.7657387,1772146041.7683249,2.5861263275146484,91,2026-02-26 22:47:21.768423
150,mqtt,f,24.85,58.98,1.96,1772146041.8190384,1772146041.8219612,2.9227733612060547,91,2026-02-26 22:47:21.82205
151,mqtt,f,24.52,46.39,2.2,1772146041.872905,1772146041.8758123,2.907276153564453,89,2026-02-26 22:47:21.875901
152,mqtt,f,26.56,44.78,4.3,1772146041.9265614,1772146041.9295397,2.9783248901367188,90,2026-02-26 22:47:21.929636
153,mqtt,f,25.25,42.3,4.13,1772146041.9802396,1772146041.9826894,2.4497509002685547,90,2026-02-26 22:47:21.982802
154,mqtt,f,28.58,57.87,4.12,1772146042.0334074,1772146042.0360277,2.620220184326172,91,2026-02-26 22:47:22.036109
155,mqtt,f,28.77,57.63,2.46,1772146042.0867891,1772146042.0894015,2.6123523712158203,91,2026-02-26 22:47:22.089488
156,mqtt,f,29.04,49.74,4.42,1772146042.1402252,1772146042.143008,2.7828216552734375,91,2026-02-26 22:47:22.143125
157,mqtt,f,22.05,41.53,2.17,1772146042.1937766,1772146042.1966434,2.8667449951171875,91,2026-02-26 22:47:22.196732
158,mqtt,f,27.08,42.27,1.43,1772146042.247443,1772146042.249962,2.5191307067871094,90,2026-02-26 22:47:22.250048
159,mqtt,f,23.19,57.62,2.44,1772146042.3005855,1772146042.303653,3.067493438720703,91,2026-02-26 22:47:22.303734
160,mqtt,f,22.47,55.03,2.3,1772146042.354446,1772146042.3571348,2.688884735107422,89,2026-02-26 22:47:22.357225
161,mqtt,f,21.81,53.44,3.47,1772146042.4078503,1772146042.4108078,2.957582473754883,91,2026-02-26 22:47:22.410891
162,mqtt,f,28.3,55.77,4.25,1772146042.4617455,1772146042.4642625,2.5169849395751953,90,2026-02-26 22:47:22.464345
163,mqtt,f,24.06,41.25,1.36,1772146042.5150042,1772146042.5190103,4.006147384643555,91,2026-02-26 22:47:22.51914
164,mqtt,f,21.68,59.21,1.99,1772146042.570114,1772146042.5728488,2.7348995208740234,90,2026-02-26 22:47:22.572972
165,mqtt,f,26.1,56.64,2.71,1772146042.623456,1772146042.6259832,2.5272369384765625,89,2026-02-26 22:47:22.626091
166,mqtt,f,25.69,46.18,1.6,1772146042.6766663,1772146042.6793852,2.7189254760742188,90,2026-02-26 22:47:22.679477
167,mqtt,f,24.55,44.03,2.92,1772146042.730054,1772146042.7323236,2.269744873046875,90,2026-02-26 22:47:22.732424
168,mqtt,f,28.83,53.17,1.02,1772146042.7829251,1772146042.7855759,2.650737762451172,91,2026-02-26 22:47:22.785673
169,mqtt,f,29.3,50.89,3.48,1772146042.8365467,1772146042.8390636,2.5169849395751953,90,2026-02-26 22:47:22.839151
170,mqtt,f,20.37,48.33,2.93,1772146042.8896968,1772146042.8922403,2.5434494018554688,91,2026-02-26 22:47:22.892336
171,mqtt,f,21.42,54.09,4.11,1772146042.9429908,1772146042.9455712,2.580404281616211,91,2026-02-26 22:47:22.94566
172,mqtt,f,24.68,55.23,1.63,1772146042.9961617,1772146042.999105,2.943277359008789,91,2026-02-26 22:47:22.999215
173,mqtt,f,23.27,44.02,2.76,1772146043.0499394,1772146043.0531478,3.2083988189697266,91,2026-02-26 22:47:23.053278
174,mqtt,f,24.64,56.51,2.63,1772146043.1039042,1772146043.1063123,2.4080276489257812,91,2026-02-26 22:47:23.106411
175,mqtt,f,23.34,46.67,2.42,1772146043.1570323,1772146043.159365,2.3326873779296875,91,2026-02-26 22:47:23.159495
176,mqtt,f,20.42,45.37,3.23,1772146043.2101054,1772146043.213587,3.481626510620117,91,2026-02-26 22:47:23.213756
177,mqtt,f,20.03,40.22,1.41,1772146043.264326,1772146043.2683227,3.996610641479492,90,2026-02-26 22:47:23.268463
178,mqtt,f,23.96,40.46,4.89,1772146043.3193457,1772146043.3219724,2.626657485961914,91,2026-02-26 22:47:23.322106
179,mqtt,f,27.45,53.33,2.97,1772146043.3727703,1772146043.3754518,2.6814937591552734,91,2026-02-26 22:47:23.375597
180,mqtt,f,29.6,56.14,4.39,1772146043.4264596,1772146043.4288373,2.377748489379883,90,2026-02-26 22:47:23.42894
181,mqtt,f,25.17,43.52,4.85,1772146043.4796405,1772146043.4827244,3.083944320678711,91,2026-02-26 22:47:23.482825
182,mqtt,f,26.47,54.27,4.59,1772146043.5336637,1772146043.5362854,2.6216506958007812,91,2026-02-26 22:47:23.536377
183,mqtt,f,27.48,43.76,4.3,1772146043.587196,1772146043.589608,2.4118423461914062,89,2026-02-26 22:47:23.589763
184,mqtt,f,28.25,43.17,2.27,1772146043.640491,1772146043.6435378,3.046751022338867,90,2026-02-26 22:47:23.643634
185,mqtt,f,23.46,43.24,1.16,1772146043.694565,1772146043.6968615,2.29644775390625,90,2026-02-26 22:47:23.696946
186,mqtt,f,21.18,42.48,2.47,1772146043.7476501,1772146043.750063,2.4127960205078125,91,2026-02-26 22:47:23.750147
187,mqtt,f,20.42,50.43,2.16,1772146043.8007917,1772146043.8039467,3.1549930572509766,91,2026-02-26 22:47:23.804071
188,mqtt,f,23.66,56.64,4.16,1772146043.854847,1772146043.857187,2.340078353881836,90,2026-02-26 22:47:23.857352
189,mqtt,f,23.73,55.13,2.4,1772146043.9079032,1772146043.9119391,4.03594970703125,90,2026-02-26 22:47:23.912048
190,mqtt,f,29.58,41.95,2.91,1772146043.9627616,1772146043.9658651,3.103494644165039,91,2026-02-26 22:47:23.966028
191,mqtt,f,23.96,40.24,2.64,1772146044.0165083,1772146044.019232,2.72369384765625,91,2026-02-26 22:47:24.019366
192,mqtt,f,20.43,57.84,3.18,1772146044.069974,1772146044.0731936,3.2196044921875,90,2026-02-26 22:47:24.073371
193,mqtt,f,24.71,51.49,4.62,1772146044.1239274,1772146044.1267676,2.840280532836914,91,2026-02-26 22:47:24.126861
194,mqtt,f,24.75,42.08,3.67,1772146044.1773925,1772146044.180272,2.879619598388672,91,2026-02-26 22:47:24.18036
195,mqtt,f,29.37,52.37,4.78,1772146044.231179,1772146044.2338674,2.6884078979492188,90,2026-02-26 22:47:24.233971
196,mqtt,f,20.6,52.03,4.71,1772146044.2845764,1772146044.2873173,2.7408599853515625,90,2026-02-26 22:47:24.287423
197,mqtt,f,24.94,44.21,3.11,1772146044.3380387,1772146044.3406622,2.6235580444335938,91,2026-02-26 22:47:24.340753
198,mqtt,f,21.84,44.93,3.59,1772146044.391305,1772146044.3941557,2.850770950317383,90,2026-02-26 22:47:24.394245
199,mqtt,f,27.45,45.2,4.93,1772146044.4449232,1772146044.4474483,2.5250911712646484,90,2026-02-26 22:47:24.447544
200,mqtt,f,28.99,50.67,4.76,1772146044.4982016,1772146044.5021095,3.907918930053711,91,2026-02-26 22:47:24.502259
201,mqtt,f,22.95,52.11,4.39,1772146044.5532856,1772146044.5575404,4.254817962646484,91,2026-02-26 22:47:24.557664
202,mqtt,f,26.16,55.7,2.37,1772146044.6086357,1772146044.6125934,3.9577484130859375,90,2026-02-26 22:47:24.61272
203,mqtt,f,26.09,40.29,1.51,1772146044.663498,1772146044.6658306,2.3326873779296875,90,2026-02-26 22:47:24.665939
204,mqtt,f,29.69,59.06,1.21,1772146044.7166934,1772146044.7195604,2.866983413696289,91,2026-02-26 22:47:24.719691
205,mqtt,f,24.38,53.81,2.67,1772146044.7703102,1772146044.7730043,2.6941299438476562,91,2026-02-26 22:47:24.773119
206,mqtt,f,22.56,56.9,3.13,1772146044.8236988,1772146044.8270206,3.3218860626220703,90,2026-02-26 22:47:24.827196
207,mqtt,f,27.89,40.66,1.33,1772146044.877624,1772146044.8804607,2.8367042541503906,90,2026-02-26 22:47:24.880567
208,mqtt,f,29.64,45.26,4.35,1772146044.9312515,1772146044.9344277,3.1762123107910156,91,2026-02-26 22:47:24.934594
209,mqtt,f,22.23,53.37,2.89,1772146044.98542,1772146044.9881487,2.728700637817383,89,2026-02-26 22:47:24.988273
210,mqtt,f,25.23,59.85,2.51,1772146045.0389507,1772146045.0418494,2.898693084716797,91,2026-02-26 22:47:25.041948
211,mqtt,f,22.33,55.81,4.7,1772146045.0926027,1772146045.0956867,3.083944320678711,90,2026-02-26 22:47:25.095777
212,mqtt,f,22.39,42.36,1.94,1772146045.1465595,1772146045.149544,2.9845237731933594,91,2026-02-26 22:47:25.149718
213,mqtt,f,29.68,40.82,3.47,1772146045.2003856,1772146045.2029934,2.6078224182128906,91,2026-02-26 22:47:25.203159
214,mqtt,f,22.97,49.06,4.4,1772146045.2538705,1772146045.2564242,2.553701400756836,90,2026-02-26 22:47:25.256553
215,mqtt,f,23.41,49.73,4.67,1772146045.3074408,1772146045.3108735,3.432750701904297,91,2026-02-26 22:47:25.311009
216,mqtt,f,21.62,47.31,1.71,1772146045.3618302,1772146045.3643568,2.526521682739258,91,2026-02-26 22:47:25.364455
217,mqtt,f,21.98,58.8,1.85,1772146045.4150202,1772146045.4179275,2.907276153564453,90,2026-02-26 22:47:25.418038
218,mqtt,f,24.61,57.28,4.11,1772146045.468865,1772146045.472136,3.2711029052734375,90,2026-02-26 22:47:25.472257
219,mqtt,f,22.46,55.55,1.92,1772146045.522821,1772146045.5252497,2.428770065307617,90,2026-02-26 22:47:25.525353
220,mqtt,f,24.06,50.23,2.28,1772146045.57593,1772146045.5787792,2.849102020263672,89,2026-02-26 22:47:25.578892
221,mqtt,f,27.12,48.48,2.63,1772146045.6297116,1772146045.6324632,2.751588821411133,91,2026-02-26 22:47:25.632612
222,mqtt,f,27.03,53.3,3.88,1772146045.683099,1772146045.6863158,3.2167434692382812,89,2026-02-26 22:47:25.686438
223,mqtt,f,28.36,52.37,4.8,1772146045.737037,1772146045.739573,2.5360584259033203,89,2026-02-26 22:47:25.739683
224,mqtt,f,21.21,55.27,3.24,1772146045.7903147,1772146045.7927163,2.401590347290039,91,2026-02-26 22:47:25.79283
225,mqtt,f,21.04,46.43,4.33,1772146045.8433483,1772146045.84653,3.1816959381103516,91,2026-02-26 22:47:25.846625
226,mqtt,f,29.06,52.15,3.08,1772146045.897162,1772146045.8997598,2.597808837890625,90,2026-02-26 22:47:25.8999
227,mqtt,f,22.6,53.05,1.25,1772146045.9505246,1772146045.9535666,3.041982650756836,90,2026-02-26 22:47:25.953675
228,mqtt,f,25.1,47.33,1.58,1772146046.0043702,1772146046.0072231,2.852916717529297,90,2026-02-26 22:47:26.007389
229,mqtt,f,28.74,44.81,2.84,1772146046.058026,1772146046.0610712,3.0450820922851562,90,2026-02-26 22:47:26.061282
230,mqtt,f,22.16,59.21,1.99,1772146046.1117418,1772146046.1146936,2.9518604278564453,91,2026-02-26 22:47:26.114834
231,mqtt,f,21.25,57.06,3.58,1772146046.16531,1772146046.1686523,3.3423900604248047,89,2026-02-26 22:47:26.168816
232,mqtt,f,21.51,56.63,2.32,1772146046.2194867,1772146046.2221563,2.6695728302001953,91,2026-02-26 22:47:26.222284
233,mqtt,f,27,58.27,3.93,1772146046.2729907,1772146046.2755606,2.569913864135742,90,2026-02-26 22:47:26.275685
234,mqtt,f,20.68,44.54,2.71,1772146046.3262503,1772146046.3289359,2.685546875,91,2026-02-26 22:47:26.329092
235,mqtt,f,27.79,41.25,4,1772146046.379755,1772146046.3823795,2.62451171875,89,2026-02-26 22:47:26.382522
236,mqtt,f,23.26,52.62,1.27,1772146046.4331098,1772146046.4365602,3.4503936767578125,91,2026-02-26 22:47:26.436693
237,mqtt,f,26.89,42.3,2.27,1772146046.4873493,1772146046.4903843,3.0350685119628906,90,2026-02-26 22:47:26.490532
238,mqtt,f,23.63,47.56,3.93,1772146046.5411222,1772146046.5437903,2.668142318725586,91,2026-02-26 22:47:26.543927
239,mqtt,f,27.94,58.11,3.69,1772146046.594528,1772146046.5973327,2.8047561645507812,90,2026-02-26 22:47:26.597463
240,mqtt,f,26.12,50.2,3.59,1772146046.6480484,1772146046.6514797,3.4313201904296875,90,2026-02-26 22:47:26.65162
241,mqtt,f,23.29,52.13,2.71,1772146046.7025585,1772146046.706018,3.459453582763672,91,2026-02-26 22:47:26.706112
242,mqtt,f,20.12,46.36,1.88,1772146046.757039,1772146046.7596078,2.5687217712402344,90,2026-02-26 22:47:26.759742
243,mqtt,f,25.28,56.08,1.49,1772146046.8103118,1772146046.8131144,2.802610397338867,91,2026-02-26 22:47:26.813271
244,mqtt,f,28.81,57.84,1.32,1772146046.8638487,1772146046.8664267,2.5780200958251953,91,2026-02-26 22:47:26.866549
245,mqtt,f,23.4,47.25,2.78,1772146046.9173,1772146046.9200141,2.7141571044921875,87,2026-02-26 22:47:26.920123
246,mqtt,f,29.42,45.61,2.59,1772146046.9708154,1772146046.9740276,3.2122135162353516,91,2026-02-26 22:47:26.974229
247,mqtt,f,22.08,51.15,1.12,1772146047.0245466,1772146047.0278206,3.2739639282226562,91,2026-02-26 22:47:27.027943
248,mqtt,f,21.38,55.1,2.97,1772146047.0785718,1772146047.082046,3.4742355346679688,90,2026-02-26 22:47:27.082195
249,mqtt,f,26.3,54.17,3.41,1772146047.1329827,1772146047.1365294,3.5467147827148438,90,2026-02-26 22:47:27.136671
250,mqtt,f,20.43,48.65,2.35,1772146047.1874523,1772146047.191381,3.928661346435547,91,2026-02-26 22:47:27.191511
251,mqtt,f,25.02,45.97,4.14,1772146047.242288,1772146047.2451897,2.9015541076660156,90,2026-02-26 22:47:27.245286
252,mqtt,f,21.55,48.16,3.87,1772146047.2960813,1772146047.2993875,3.306150436401367,91,2026-02-26 22:47:27.299523
253,mqtt,f,28.6,55.02,4.3,1772146047.3500934,1772146047.35354,3.4465789794921875,89,2026-02-26 22:47:27.353652
254,mqtt,f,25.55,45.1,3.94,1772146047.4045053,1772146047.407132,2.626657485961914,90,2026-02-26 22:47:27.407217
255,mqtt,f,23.23,49.54,1.73,1772146047.457808,1772146047.461225,3.4170150756835938,90,2026-02-26 22:47:27.461423
256,mqtt,f,23.32,50.37,1.08,1772146047.5122724,1772146047.5163653,4.092931747436523,91,2026-02-26 22:47:27.516503
257,mqtt,f,23.37,41.26,3.57,1772146047.5672987,1772146047.5706346,3.3359527587890625,91,2026-02-26 22:47:27.570722
258,mqtt,f,20.49,45,1.39,1772146047.6214778,1772146047.6247616,3.2837390899658203,90,2026-02-26 22:47:27.624867
259,mqtt,f,27.81,52.41,3.05,1772146047.6755466,1772146047.6782675,2.7208328247070312,91,2026-02-26 22:47:27.678353
260,mqtt,f,29.61,57.8,2.6,1772146047.7291484,1772146047.7324717,3.3233165740966797,89,2026-02-26 22:47:27.732627
261,mqtt,f,28.31,54.99,4.58,1772146047.7834432,1772146047.7866256,3.1824111938476562,91,2026-02-26 22:47:27.786717
262,mqtt,f,26.28,50.26,2.66,1772146047.837416,1772146047.8404584,3.042459487915039,90,2026-02-26 22:47:27.840574
263,mqtt,f,28.75,55.41,2.38,1772146047.891126,1772146047.8945844,3.4584999084472656,90,2026-02-26 22:47:27.894684
264,mqtt,f,25.97,43.26,3.71,1772146047.9451404,1772146047.9481096,2.9692649841308594,91,2026-02-26 22:47:27.948198
265,mqtt,f,21.35,55.19,2.06,1772146047.9988315,1772146048.0013359,2.5043487548828125,91,2026-02-26 22:47:28.001445
266,mqtt,f,28.04,48.88,2.96,1772146048.052239,1772146048.0547237,2.4847984313964844,90,2026-02-26 22:47:28.054811
267,mqtt,f,28.41,45.19,1.88,1772146048.1057482,1772146048.108737,2.9888153076171875,91,2026-02-26 22:47:28.108825
268,mqtt,f,28.2,43.14,4.68,1772146048.1593273,1772146048.1619377,2.610445022583008,90,2026-02-26 22:47:28.162023
269,mqtt,f,26.17,53.64,4.74,1772146048.2127655,1772146048.215221,2.455472946166992,91,2026-02-26 22:47:28.215312
270,mqtt,f,25.86,49.41,1.2,1772146048.2660549,1772146048.2688518,2.7968883514404297,90,2026-02-26 22:47:28.268981
271,mqtt,f,25.84,51.42,4.49,1772146048.3195477,1772146048.3228905,3.342866897583008,91,2026-02-26 22:47:28.323013
272,mqtt,f,25.73,56.77,2.06,1772146048.3736842,1772146048.3765018,2.8176307678222656,91,2026-02-26 22:47:28.376597
273,mqtt,f,26.35,54.45,4.02,1772146048.427328,1772146048.430587,3.258943557739258,90,2026-02-26 22:47:28.430751
274,mqtt,f,20.53,47.35,2.96,1772146048.4812353,1772146048.484188,2.9528141021728516,91,2026-02-26 22:47:28.484299
275,mqtt,f,29.07,46.63,4.65,1772146048.5348787,1772146048.5374691,2.5904178619384766,91,2026-02-26 22:47:28.537557
276,mqtt,f,24.95,46.5,4.04,1772146048.58841,1772146048.5910735,2.6636123657226562,88,2026-02-26 22:47:28.591177
277,mqtt,f,22.16,44.19,4.05,1772146048.641814,1772146048.6448557,3.0417442321777344,90,2026-02-26 22:47:28.644973
278,mqtt,f,29.88,40.15,3.25,1772146048.6954343,1772146048.6982975,2.863168716430664,91,2026-02-26 22:47:28.698391
279,mqtt,f,22.13,45.36,3.39,1772146048.749396,1772146048.75184,2.444028854370117,90,2026-02-26 22:47:28.751935
280,mqtt,f,22.07,51.19,1.91,1772146048.8026063,1772146048.8056579,3.0515193939208984,91,2026-02-26 22:47:28.805814
281,mqtt,f,27.55,48.74,1.92,1772146048.8563318,1772146048.858829,2.4971961975097656,91,2026-02-26 22:47:28.858927
282,mqtt,f,26.09,42.73,2.2,1772146048.909391,1772146048.9126844,3.2935142517089844,89,2026-02-26 22:47:28.912825
283,mqtt,f,25.34,58.42,1.78,1772146048.9634135,1772146048.9662378,2.8243064880371094,91,2026-02-26 22:47:28.966322
284,mqtt,f,25.22,40.37,1.32,1772146049.0170574,1772146049.020496,3.4384727478027344,91,2026-02-26 22:47:29.020585
285,mqtt,f,25.01,55.05,2.27,1772146049.0712073,1772146049.074567,3.3597946166992188,91,2026-02-26 22:47:29.074662
286,mqtt,f,20.74,48.14,3.54,1772146049.1251407,1772146049.1288755,3.7348270416259766,91,2026-02-26 22:47:29.129027
287,mqtt,f,28.55,53.05,2.48,1772146049.1801915,1772146049.1829355,2.743959426879883,91,2026-02-26 22:47:29.183045
288,mqtt,f,20.85,49.28,2.48,1772146049.2336445,1772146049.237004,3.359556198120117,91,2026-02-26 22:47:29.23709
289,mqtt,f,25.92,42.89,2.98,1772146049.2876902,1772146049.2910073,3.317117691040039,91,2026-02-26 22:47:29.291132
290,mqtt,f,27.28,56.71,4.76,1772146049.3416812,1772146049.3448315,3.1502246856689453,91,2026-02-26 22:47:29.34497
291,mqtt,f,28.97,48.27,2.5,1772146049.3956587,1772146049.398822,3.1633377075195312,90,2026-02-26 22:47:29.398961
292,mqtt,f,25.62,41.8,1.33,1772146049.449686,1772146049.4523299,2.6438236236572266,89,2026-02-26 22:47:29.452449
293,mqtt,f,27.23,42.49,3.28,1772146049.5031693,1772146049.506279,3.1096935272216797,91,2026-02-26 22:47:29.506409
294,mqtt,f,21.53,42.71,4.66,1772146049.5570633,1772146049.5602596,3.196239471435547,91,2026-02-26 22:47:29.560353
295,mqtt,f,23.92,45.61,3.7,1772146049.6112418,1772146049.614107,2.8650760650634766,90,2026-02-26 22:47:29.61419
296,mqtt,f,29.24,55.86,4.93,1772146049.6648602,1772146049.667482,2.6216506958007812,91,2026-02-26 22:47:29.66759
297,mqtt,f,27.89,58.29,4.01,1772146049.7183936,1772146049.7210994,2.705812454223633,91,2026-02-26 22:47:29.721188
298,mqtt,f,20.06,42.02,1.45,1772146049.772102,1772146049.776161,4.058837890625,90,2026-02-26 22:47:29.776303
299,mqtt,f,23.82,50.41,1.28,1772146049.8271954,1772146049.8306093,3.4139156341552734,91,2026-02-26 22:47:29.830689
300,mqtt,f,24.47,40.1,4.6,1772146049.881123,1772146049.8842828,3.159761428833008,88,2026-02-26 22:47:29.884405
301,mqtt,f,21.06,56.15,4.99,1772146049.935028,1772146049.9385612,3.5331249237060547,90,2026-02-26 22:47:29.93869
302,mqtt,f,22.67,57.51,3.41,1772146049.9894178,1772146049.9924455,3.027677536010742,91,2026-02-26 22:47:29.992531
303,mqtt,f,28,55.15,4.58,1772146050.0433638,1772146050.0467243,3.3605098724365234,90,2026-02-26 22:47:30.046856
304,mqtt,f,26.95,46.48,4.17,1772146050.097411,1772146050.100105,2.6941299438476562,90,2026-02-26 22:47:30.100231
305,mqtt,f,24.84,52.23,1.38,1772146050.1508777,1772146050.1536818,2.8040409088134766,91,2026-02-26 22:47:30.153776
306,mqtt,f,23.28,54.9,2.82,1772146050.2045956,1772146050.2073526,2.7570724487304688,90,2026-02-26 22:47:30.207449
307,mqtt,f,23.33,59.89,2.74,1772146050.258349,1772146050.261731,3.381967544555664,90,2026-02-26 22:47:30.261848
308,mqtt,f,27.69,43.51,1.98,1772146050.3124483,1772146050.3152177,2.76947021484375,91,2026-02-26 22:47:30.315362
309,mqtt,f,29.31,42.67,4.15,1772146050.3659906,1772146050.3690898,3.099203109741211,91,2026-02-26 22:47:30.369182
310,mqtt,f,20.77,49.39,1.09,1772146050.4198737,1772146050.4226744,2.8007030487060547,91,2026-02-26 22:47:30.422765
311,mqtt,f,27.12,53.7,4.15,1772146050.4736464,1772146050.476121,2.474546432495117,90,2026-02-26 22:47:30.476294
312,mqtt,f,20.05,45.78,4.99,1772146050.5272262,1772146050.5300965,2.870321273803711,91,2026-02-26 22:47:30.530251
313,mqtt,f,29.43,40.74,3.59,1772146050.5809512,1772146050.5836813,2.730131149291992,91,2026-02-26 22:47:30.583801
314,mqtt,f,28.57,44.5,2.65,1772146050.6343458,1772146050.6377568,3.4110546112060547,90,2026-02-26 22:47:30.637891
315,mqtt,f,23.31,40.21,4.09,1772146050.6883087,1772146050.690904,2.595186233520508,91,2026-02-26 22:47:30.691036
316,mqtt,f,22.36,44.92,1.45,1772146050.74169,1772146050.7440684,2.3784637451171875,89,2026-02-26 22:47:30.744213
317,mqtt,f,29.21,52.79,3.11,1772146050.794728,1772146050.7978632,3.135204315185547,90,2026-02-26 22:47:30.798129
318,mqtt,f,20.95,46.74,4.18,1772146050.8484337,1772146050.8511887,2.7549266815185547,91,2026-02-26 22:47:30.85132
319,mqtt,f,27.12,48.3,1.17,1772146050.9021006,1772146050.9047394,2.6388168334960938,90,2026-02-26 22:47:30.904821
320,mqtt,f,28.02,45.58,1.31,1772146050.9556813,1772146050.9590437,3.362417221069336,91,2026-02-26 22:47:30.959135
321,mqtt,f,22.48,43.92,1.96,1772146051.0097957,1772146051.0123694,2.573728561401367,91,2026-02-26 22:47:31.012547
322,mqtt,f,29.12,41.44,4.19,1772146051.0629885,1772146051.0663176,3.329038619995117,91,2026-02-26 22:47:31.066523
323,mqtt,f,28.22,42.72,2.71,1772146051.1170104,1772146051.1200395,3.0291080474853516,91,2026-02-26 22:47:31.120203
324,mqtt,f,26.06,44.25,3.97,1772146051.1709542,1772146051.1739123,2.958059310913086,91,2026-02-26 22:47:31.17404
325,mqtt,f,22.97,44.02,3.06,1772146051.2245722,1772146051.227312,2.7399063110351562,91,2026-02-26 22:47:31.227434
326,mqtt,f,20.63,50.47,2.66,1772146051.2780118,1772146051.2806947,2.682924270629883,91,2026-02-26 22:47:31.280787
327,mqtt,f,23.36,44.03,4.51,1772146051.3313801,1772146051.3338501,2.4700164794921875,91,2026-02-26 22:47:31.334062
328,mqtt,f,27.39,58.94,1.29,1772146051.3846886,1772146051.3871367,2.4480819702148438,91,2026-02-26 22:47:31.387231
329,mqtt,f,21.76,47.15,4.22,1772146051.437863,1772146051.4408853,3.0221939086914062,90,2026-02-26 22:47:31.440982
330,mqtt,f,27.54,52.59,3.34,1772146051.4916635,1772146051.494026,2.362489700317383,91,2026-02-26 22:47:31.494122
331,mqtt,f,29.46,40.7,4.74,1772146051.5448904,1772146051.5477908,2.900362014770508,90,2026-02-26 22:47:31.547953
332,mqtt,f,22.51,46.36,2.26,1772146051.598647,1772146051.6012144,2.567291259765625,90,2026-02-26 22:47:31.601301
333,mqtt,f,21.58,58.7,2.34,1772146051.6518428,1772146051.6551273,3.284454345703125,90,2026-02-26 22:47:31.655264
334,mqtt,f,25.24,52.38,1.57,1772146051.706044,1772146051.7092164,3.1723976135253906,90,2026-02-26 22:47:31.709346
335,mqtt,f,25.15,58.13,4.24,1772146051.7600553,1772146051.7633734,3.3180713653564453,91,2026-02-26 22:47:31.763499
336,mqtt,f,20.25,46.54,1.9,1772146051.8142822,1772146051.8168607,2.5784969329833984,90,2026-02-26 22:47:31.816963
337,mqtt,f,29.28,53.39,2.89,1772146051.86768,1772146051.8702924,2.6123523712158203,89,2026-02-26 22:47:31.870405
338,mqtt,f,23.68,51.97,1.74,1772146051.9212985,1772146051.9243479,3.0493736267089844,91,2026-02-26 22:47:31.92448
339,mqtt,f,26.68,47.19,2.33,1772146051.9753358,1772146051.9777598,2.424001693725586,91,2026-02-26 22:47:31.97789
340,mqtt,f,28.32,42.27,2.74,1772146052.0285769,1772146052.0318244,3.247499465942383,91,2026-02-26 22:47:32.031969
341,mqtt,f,22.69,53.98,3.61,1772146052.0825343,1772146052.085607,3.0727386474609375,91,2026-02-26 22:47:32.085712
342,mqtt,f,24.89,43.92,4.76,1772146052.1362493,1772146052.1393242,3.0748844146728516,91,2026-02-26 22:47:32.139415
343,mqtt,f,28.26,40.52,4.33,1772146052.1899326,1772146052.1927109,2.778291702270508,91,2026-02-26 22:47:32.192814
344,mqtt,f,22.61,47.03,1.13,1772146052.2433448,1772146052.2460048,2.660036087036133,91,2026-02-26 22:47:32.246091
345,mqtt,f,23.11,59.05,1.64,1772146052.2967365,1772146052.300023,3.286600112915039,91,2026-02-26 22:47:32.300121
346,mqtt,f,25.3,43.14,4.68,1772146052.3507051,1772146052.3533185,2.6133060455322266,90,2026-02-26 22:47:32.353427
347,mqtt,f,26.3,40.58,3.34,1772146052.4041827,1772146052.4069629,2.7801990509033203,90,2026-02-26 22:47:32.407146
348,mqtt,f,21.73,51.69,4.73,1772146052.4576523,1772146052.4602208,2.568483352661133,91,2026-02-26 22:47:32.460413
349,mqtt,f,22.01,57.82,4.29,1772146052.5108864,1772146052.5141249,3.2384395599365234,91,2026-02-26 22:47:32.51426
350,mqtt,f,20.33,55.83,4.68,1772146052.564971,1772146052.5689728,4.001855850219727,90,2026-02-26 22:47:32.5691
351,mqtt,f,29.69,43.17,2.2,1772146052.6198878,1772146052.6226497,2.7618408203125,90,2026-02-26 22:47:32.62285
352,mqtt,f,29.64,44.75,3.02,1772146052.6732502,1772146052.6759562,2.7060508728027344,91,2026-02-26 22:47:32.676048
353,mqtt,f,20.66,40.59,3.23,1772146052.7267847,1772146052.7298565,3.0717849731445312,91,2026-02-26 22:47:32.729959
354,mqtt,f,22.55,44.01,3.41,1772146052.7805815,1772146052.7832773,2.695798873901367,91,2026-02-26 22:47:32.783366
355,mqtt,f,29.28,41.1,1.75,1772146052.8339596,1772146052.8366601,2.7005672454833984,90,2026-02-26 22:47:32.836789
356,mqtt,f,26.64,44.01,2.91,1772146052.887306,1772146052.8902755,2.969503402709961,90,2026-02-26 22:47:32.890446
357,mqtt,f,21.42,51.9,4.8,1772146052.9408834,1772146052.943982,3.0984878540039062,89,2026-02-26 22:47:32.944119
358,mqtt,f,28.73,45.88,3.57,1772146052.99467,1772146052.9972448,2.574920654296875,89,2026-02-26 22:47:32.997355
359,mqtt,f,23.7,44.31,3.58,1772146053.0479107,1772146053.0507202,2.8095245361328125,90,2026-02-26 22:47:33.050845
360,mqtt,f,27.84,43.54,1.82,1772146053.101291,1772146053.1045365,3.2455921173095703,90,2026-02-26 22:47:33.104644
361,mqtt,f,29.21,41.98,4.27,1772146053.155278,1772146053.157671,2.393007278442383,90,2026-02-26 22:47:33.157791
362,mqtt,f,26.11,52.47,4.01,1772146053.2084653,1772146053.211251,2.7856826782226562,91,2026-02-26 22:47:33.211377
363,mqtt,f,28.28,40.05,1.63,1772146053.2619085,1772146053.2647953,2.8867721557617188,91,2026-02-26 22:47:33.265003
364,mqtt,f,26.66,41.44,3.36,1772146053.3154593,1772146053.3181722,2.7129650115966797,91,2026-02-26 22:47:33.318345
365,mqtt,f,20.48,43,4.61,1772146053.3692374,1772146053.3721838,2.9463768005371094,90,2026-02-26 22:47:33.372352
366,mqtt,f,25.3,40.74,2.23,1772146053.4227831,1772146053.4254277,2.6445388793945312,90,2026-02-26 22:47:33.425518
367,mqtt,f,23.72,51.28,2.55,1772146053.4762802,1772146053.479379,3.098726272583008,91,2026-02-26 22:47:33.479512
368,mqtt,f,26.09,47.6,1.2,1772146053.53014,1772146053.5329967,2.856731414794922,87,2026-02-26 22:47:33.533128
369,mqtt,f,28.5,44.55,4.15,1772146053.5836577,1772146053.5865157,2.8579235076904297,90,2026-02-26 22:47:33.586679
370,mqtt,f,29.87,50.71,1.04,1772146053.6372232,1772146053.6403203,3.097057342529297,91,2026-02-26 22:47:33.640413
371,mqtt,f,26.76,55.85,1.15,1772146053.6909966,1772146053.6935818,2.585172653198242,91,2026-02-26 22:47:33.693714
372,mqtt,f,28.89,57.94,1.51,1772146053.7442775,1772146053.7473762,3.098726272583008,91,2026-02-26 22:47:33.747473
373,mqtt,f,28.93,48.71,3.95,1772146053.7979832,1772146053.8004382,2.454996109008789,91,2026-02-26 22:47:33.800584
374,mqtt,f,21.95,41.58,3.2,1772146053.8511508,1772146053.8544192,3.2684803009033203,90,2026-02-26 22:47:33.854754
375,mqtt,f,28.2,45.68,3.37,1772146053.9052343,1772146053.908437,3.202676773071289,90,2026-02-26 22:47:33.908577
376,mqtt,f,22.63,52.26,3.01,1772146053.9591303,1772146053.962438,3.307819366455078,91,2026-02-26 22:47:33.962625
377,mqtt,f,28.92,51.44,4.9,1772146054.0131772,1772146054.0168688,3.6916732788085938,90,2026-02-26 22:47:34.01698
378,mqtt,f,22.97,44.59,4.99,1772146054.0678678,1772146054.0706336,2.7658939361572266,91,2026-02-26 22:47:34.070828
379,mqtt,f,25.33,55.56,1.3,1772146054.1214263,1772146054.124971,3.5445690155029297,90,2026-02-26 22:47:34.125164
380,mqtt,f,23.82,57.56,3.99,1772146054.1756976,1772146054.178447,2.7494430541992188,91,2026-02-26 22:47:34.178605
381,mqtt,f,23.57,46.43,4.09,1772146054.2291071,1772146054.2319841,2.8769969940185547,91,2026-02-26 22:47:34.232109
382,mqtt,f,21.23,52.11,3.33,1772146054.2829826,1772146054.2856953,2.712726593017578,91,2026-02-26 22:47:34.285913
383,mqtt,f,26.3,58.35,2.79,1772146054.3366632,1772146054.3393457,2.6824474334716797,90,2026-02-26 22:47:34.339468
384,mqtt,f,28.71,40.25,2.55,1772146054.3898232,1772146054.3934076,3.5843849182128906,91,2026-02-26 22:47:34.39351
385,mqtt,f,28.97,45.3,2.08,1772146054.4444761,1772146054.4473932,2.917051315307617,90,2026-02-26 22:47:34.447572
386,mqtt,f,29.74,56.37,1.33,1772146054.4979565,1772146054.500956,2.999544143676758,91,2026-02-26 22:47:34.501138
387,mqtt,f,20.47,53.74,2.54,1772146054.5517786,1772146054.5544548,2.676248550415039,91,2026-02-26 22:47:34.554591
388,mqtt,f,26.78,43.41,2.75,1772146054.6051567,1772146054.6083775,3.220796585083008,91,2026-02-26 22:47:34.608503
389,mqtt,f,20.09,44.28,2.04,1772146054.659036,1772146054.6623545,3.3185482025146484,90,2026-02-26 22:47:34.662465
390,mqtt,f,24.64,51.32,3.59,1772146054.7132354,1772146054.7160616,2.826213836669922,91,2026-02-26 22:47:34.716194
391,mqtt,f,25.54,48.97,2.3,1772146054.7666981,1772146054.7699435,3.2453536987304688,90,2026-02-26 22:47:34.770254
392,mqtt,f,21.06,51.13,2.68,1772146054.820737,1772146054.824409,3.6721229553222656,90,2026-02-26 22:47:34.824597
393,mqtt,f,21,43.97,4.08,1772146054.8754585,1772146054.878612,3.153562545776367,90,2026-02-26 22:47:34.878704
394,mqtt,f,21.58,57.98,1.28,1772146054.929406,1772146054.9325345,3.128528594970703,90,2026-02-26 22:47:34.932704
395,mqtt,f,22.5,47.69,3.7,1772146054.9834194,1772146054.9862049,2.7854442596435547,89,2026-02-26 22:47:34.986376
396,mqtt,f,22.35,49.59,1.02,1772146055.037161,1772146055.0408707,3.709554672241211,90,2026-02-26 22:47:35.041019
397,mqtt,f,29.55,41.54,2.79,1772146055.0918372,1772146055.0946398,2.802610397338867,91,2026-02-26 22:47:35.094773
398,mqtt,f,20.49,40.28,2.55,1772146055.145355,1772146055.148895,3.5400390625,90,2026-02-26 22:47:35.149064
399,mqtt,f,21.12,42.69,1.63,1772146055.1995366,1772146055.2024298,2.893209457397461,91,2026-02-26 22:47:35.202667
400,mqtt,f,26.98,44.24,4.48,1772146055.2533834,1772146055.2566037,3.2203197479248047,91,2026-02-26 22:47:35.256747
401,mqtt,f,24.8,41.31,4.09,1772146055.3074355,1772146055.310341,2.9053688049316406,90,2026-02-26 22:47:35.310441
402,mqtt,f,24.48,44.91,1.16,1772146055.3610363,1772146055.3640432,3.0069351196289062,91,2026-02-26 22:47:35.364134
403,mqtt,f,25.7,41.16,3.24,1772146055.4148042,1772146055.418062,3.25775146484375,90,2026-02-26 22:47:35.418219
404,mqtt,f,29.06,52.74,3.92,1772146055.4689834,1772146055.4717073,2.7239322662353516,91,2026-02-26 22:47:35.471814
405,mqtt,f,20.52,53.15,4.49,1772146055.5225313,1772146055.5258508,3.3195018768310547,91,2026-02-26 22:47:35.525972
406,mqtt,f,29.26,40.07,2.36,1772146055.5767043,1772146055.5801258,3.4215450286865234,91,2026-02-26 22:47:35.580221
407,mqtt,f,27.04,50.89,4.43,1772146055.6309428,1772146055.6336207,2.67791748046875,91,2026-02-26 22:47:35.633711
408,mqtt,f,24.75,59.28,4.59,1772146055.6844964,1772146055.6875653,3.0689239501953125,91,2026-02-26 22:47:35.687667
409,mqtt,f,21.36,50.01,1.12,1772146055.7382896,1772146055.7408216,2.5320053100585938,91,2026-02-26 22:47:35.740926
410,mqtt,f,27.96,40.78,4.03,1772146055.7915647,1772146055.7944093,2.844572067260742,91,2026-02-26 22:47:35.794532
411,mqtt,f,22.42,51.24,3.86,1772146055.8452883,1772146055.8483033,3.0150413513183594,91,2026-02-26 22:47:35.84843
412,mqtt,f,20.21,59.05,1.82,1772146055.8991451,1772146055.901752,2.6068687438964844,91,2026-02-26 22:47:35.901861
413,mqtt,f,21.38,54.96,3.95,1772146055.9524505,1772146055.9550297,2.579212188720703,91,2026-02-26 22:47:35.955119
414,mqtt,f,25.65,41.2,1.91,1772146056.005889,1772146056.0085483,2.659320831298828,89,2026-02-26 22:47:36.008662
415,mqtt,f,27.39,57.88,3.4,1772146056.0592797,1772146056.0625553,3.275632858276367,90,2026-02-26 22:47:36.062645
416,mqtt,f,21.08,57.28,2.85,1772146056.1133754,1772146056.1162295,2.8541088104248047,91,2026-02-26 22:47:36.116353
417,mqtt,f,26.21,45.81,2.3,1772146056.1667511,1772146056.1697862,3.0350685119628906,90,2026-02-26 22:47:36.169907
418,mqtt,f,24.14,56.26,2.12,1772146056.2207336,1772146056.2247906,4.0569305419921875,91,2026-02-26 22:47:36.224968
419,mqtt,f,21.47,44.58,3.89,1772146056.2754414,1772146056.2782698,2.828359603881836,91,2026-02-26 22:47:36.27836
420,mqtt,f,23.84,49.03,1.99,1772146056.329081,1772146056.331805,2.7239322662353516,90,2026-02-26 22:47:36.33197
421,mqtt,f,24.65,40.62,3.06,1772146056.3823106,1772146056.3852043,2.893686294555664,91,2026-02-26 22:47:36.385352
422,mqtt,f,28.89,59.32,2.59,1772146056.436017,1772146056.439048,3.031015396118164,90,2026-02-26 22:47:36.439221
423,mqtt,f,21.44,50.54,1.05,1772146056.4899068,1772146056.4930665,3.159761428833008,91,2026-02-26 22:47:36.493186
424,mqtt,f,27.22,55.45,4.53,1772146056.5439837,1772146056.5469332,2.9494762420654297,91,2026-02-26 22:47:36.547129
425,mqtt,f,23.54,51.73,1.47,1772146056.5975487,1772146056.6007617,3.2129287719726562,91,2026-02-26 22:47:36.600941
426,mqtt,f,20.14,45.31,3.76,1772146056.6513097,1772146056.6542969,2.9871463775634766,91,2026-02-26 22:47:36.654462
427,mqtt,f,27.69,42.7,3.48,1772146056.7053485,1772146056.708516,3.167390823364258,90,2026-02-26 22:47:36.708652
428,mqtt,f,29.24,53.92,3.34,1772146056.7593622,1772146056.7620838,2.721548080444336,91,2026-02-26 22:47:36.762201
429,mqtt,f,25.84,59.08,2.65,1772146056.812968,1772146056.816002,3.033876419067383,90,2026-02-26 22:47:36.816154
430,mqtt,f,24.12,47.9,3.54,1772146056.8668537,1772146056.8705692,3.71551513671875,90,2026-02-26 22:47:36.870718
431,mqtt,f,27.49,51.29,4.18,1772146056.9213617,1772146056.9239542,2.5925636291503906,91,2026-02-26 22:47:36.924046
432,mqtt,f,25.85,54.42,2.07,1772146056.9747872,1772146056.9786,3.8127899169921875,91,2026-02-26 22:47:36.978709
433,mqtt,f,26.62,51.81,2.3,1772146057.029567,1772146057.0321853,2.6183128356933594,89,2026-02-26 22:47:37.032312
434,mqtt,f,22.51,44.1,2.21,1772146057.0829613,1772146057.0862808,3.3195018768310547,90,2026-02-26 22:47:37.086512
435,mqtt,f,21.53,49.72,2.92,1772146057.1373014,1772146057.1402311,2.9296875,91,2026-02-26 22:47:37.140329
436,mqtt,f,29.21,57.14,2.72,1772146057.1910412,1772146057.1938157,2.774477005004883,91,2026-02-26 22:47:37.193921
437,mqtt,f,27.47,41.09,1.61,1772146057.2445056,1772146057.2476728,3.1671524047851562,91,2026-02-26 22:47:37.247767
438,mqtt,f,29.58,48.49,3.01,1772146057.2984045,1772146057.3018107,3.4062862396240234,91,2026-02-26 22:47:37.301942
439,mqtt,f,28.88,41.97,3.28,1772146057.3529904,1772146057.3563628,3.3724308013916016,91,2026-02-26 22:47:37.356584
440,mqtt,f,23.64,51.56,4.46,1772146057.4073083,1772146057.409927,2.618551254272461,91,2026-02-26 22:47:37.410046
441,mqtt,f,29.16,56.81,2.34,1772146057.4606748,1772146057.4632225,2.547740936279297,91,2026-02-26 22:47:37.463383
442,mqtt,f,28.98,49.02,4.69,1772146057.5142279,1772146057.5174007,3.1728744506835938,91,2026-02-26 22:47:37.517532
443,mqtt,f,22.17,53.16,1.17,1772146057.568287,1772146057.5711832,2.8963088989257812,90,2026-02-26 22:47:37.571268
444,mqtt,f,29.78,44.4,2.31,1772146057.6221719,1772146057.6248808,2.708911895751953,90,2026-02-26 22:47:37.625002
445,mqtt,f,22.78,46.38,2.59,1772146057.6756952,1772146057.6784582,2.763032913208008,91,2026-02-26 22:47:37.678588
446,mqtt,f,26.62,44.76,2.98,1772146057.7293189,1772146057.7321124,2.793550491333008,91,2026-02-26 22:47:37.732212
447,mqtt,f,23.62,42.98,2.47,1772146057.7828877,1772146057.785494,2.6063919067382812,91,2026-02-26 22:47:37.7856
448,mqtt,f,25.34,40.2,4.34,1772146057.8362484,1772146057.839344,3.0956268310546875,90,2026-02-26 22:47:37.839474
449,mqtt,f,20.77,41.63,2.98,1772146057.890068,1772146057.8926456,2.577543258666992,90,2026-02-26 22:47:37.89275
450,mqtt,f,29.03,56.82,3.44,1772146057.943484,1772146057.9466774,3.193378448486328,90,2026-02-26 22:47:37.946809
451,mqtt,f,21.11,50.76,2.74,1772146057.9972234,1772146057.9998333,2.6099681854248047,91,2026-02-26 22:47:37.999975
452,mqtt,f,25.73,44.9,3.57,1772146058.050604,1772146058.0535007,2.896547317504883,89,2026-02-26 22:47:38.053585
453,mqtt,f,22.48,55.9,4.57,1772146058.1042714,1772146058.1071007,2.829313278198242,90,2026-02-26 22:47:38.10719
454,mqtt,f,23.61,49.61,4.51,1772146058.1578395,1772146058.1603734,2.5339126586914062,91,2026-02-26 22:47:38.160484
455,mqtt,f,29.99,57.65,1.4,1772146058.2111006,1772146058.2136338,2.5331974029541016,90,2026-02-26 22:47:38.213722
456,mqtt,f,24.94,46.44,3.73,1772146058.2643797,1772146058.2669396,2.5599002838134766,91,2026-02-26 22:47:38.26703
457,mqtt,f,28.77,59.66,4.76,1772146058.317848,1772146058.3207386,2.8905868530273438,90,2026-02-26 22:47:38.320883
458,mqtt,f,26.11,43.88,4.33,1772146058.3716874,1772146058.374605,2.9175281524658203,91,2026-02-26 22:47:38.374755
459,mqtt,f,20.54,40.57,3.64,1772146058.4258044,1772146058.4295142,3.7097930908203125,91,2026-02-26 22:47:38.429703
460,mqtt,f,25.99,58.32,2.85,1772146058.480255,1772146058.4827409,2.485990524291992,90,2026-02-26 22:47:38.482851
461,mqtt,f,20.19,57.12,1.28,1772146058.5334404,1772146058.5360096,2.5691986083984375,91,2026-02-26 22:47:38.536089
462,mqtt,f,20.59,44.64,4.53,1772146058.5867062,1772146058.5897472,3.0410289764404297,91,2026-02-26 22:47:38.589897
463,mqtt,f,20.71,43.57,3.39,1772146058.6405883,1772146058.6431258,2.5374889373779297,91,2026-02-26 22:47:38.643229
464,mqtt,f,24.59,54.33,3.21,1772146058.693944,1772146058.696427,2.4831295013427734,90,2026-02-26 22:47:38.696532
465,mqtt,f,20.59,54.55,2.76,1772146058.7471747,1772146058.7502446,3.0698776245117188,91,2026-02-26 22:47:38.750355
466,mqtt,f,21.42,47.95,4.7,1772146058.8010144,1772146058.803768,2.7534961700439453,90,2026-02-26 22:47:38.803897
467,mqtt,f,24.11,55.34,2.16,1772146058.8545902,1772146058.857542,2.9518604278564453,91,2026-02-26 22:47:38.857623
468,mqtt,f,25.64,48.58,3.5,1772146058.908384,1772146058.9120665,3.682374954223633,89,2026-02-26 22:47:38.9122
469,mqtt,f,29.38,47.04,2.87,1772146058.962973,1772146058.9655356,2.5625228881835938,90,2026-02-26 22:47:38.965647
470,mqtt,f,23.88,41.05,2.84,1772146059.0166554,1772146059.019971,3.315448760986328,91,2026-02-26 22:47:39.020063
471,mqtt,f,29.47,48.66,3.25,1772146059.0706596,1772146059.0734777,2.8181076049804688,91,2026-02-26 22:47:39.073586
472,mqtt,f,29.52,59.03,1.45,1772146059.1241658,1772146059.127484,3.318309783935547,91,2026-02-26 22:47:39.127591
473,mqtt,f,26.64,56.11,1.88,1772146059.1782365,1772146059.1816497,3.4132003784179688,91,2026-02-26 22:47:39.181761
474,mqtt,f,27.62,45.22,1.96,1772146059.2325084,1772146059.2353806,2.8722286224365234,91,2026-02-26 22:47:39.235493
475,mqtt,f,22.16,52.73,1.58,1772146059.2862976,1772146059.2890642,2.7666091918945312,91,2026-02-26 22:47:39.289151
476,mqtt,f,29.57,47.44,2.85,1772146059.3398423,1772146059.3434603,3.618001937866211,91,2026-02-26 22:47:39.343546
477,mqtt,f,20.72,47.95,4.54,1772146059.3941135,1772146059.397369,3.2553672790527344,91,2026-02-26 22:47:39.397458
478,mqtt,f,26.03,49.44,4.1,1772146059.4482145,1772146059.451161,2.9463768005371094,90,2026-02-26 22:47:39.451319
479,mqtt,f,26.85,49.59,1.41,1772146059.5020156,1772146059.506185,4.169464111328125,91,2026-02-26 22:47:39.506322
480,mqtt,f,21.61,51.95,4.51,1772146059.5573525,1772146059.5607197,3.367185592651367,91,2026-02-26 22:47:39.560842
481,mqtt,f,28.84,51.12,4.17,1772146059.6118388,1772146059.615135,3.2961368560791016,91,2026-02-26 22:47:39.615233
482,mqtt,f,24.35,58.21,1.41,1772146059.6663232,1772146059.6694267,3.103494644165039,91,2026-02-26 22:47:39.669555
483,mqtt,f,20.77,57.63,2.41,1772146059.720492,1772146059.7240942,3.602266311645508,90,2026-02-26 22:47:39.724241
484,mqtt,f,24.32,41.71,2.48,1772146059.774788,1772146059.7776906,2.9027462005615234,90,2026-02-26 22:47:39.777808
485,mqtt,f,27.59,48.77,3.48,1772146059.8286905,1772146059.831566,2.8755664825439453,91,2026-02-26 22:47:39.831652
486,mqtt,f,26.08,47.58,2.66,1772146059.8823836,1772146059.8851953,2.8116703033447266,91,2026-02-26 22:47:39.885345
487,mqtt,f,29.55,51.68,1.87,1772146059.9361079,1772146059.939003,2.8951168060302734,91,2026-02-26 22:47:39.939141
488,mqtt,f,27.33,40.99,4.61,1772146059.9898884,1772146059.9926636,2.7751922607421875,91,2026-02-26 22:47:39.992794
489,mqtt,f,23.28,48.94,1.77,1772146060.0436575,1772146060.0463006,2.643108367919922,91,2026-02-26 22:47:40.046409
490,mqtt,f,24.44,48.58,2.53,1772146060.0973227,1772146060.101711,4.388332366943359,91,2026-02-26 22:47:40.101834
491,mqtt,f,20.78,41.35,3.14,1772146060.1528044,1772146060.1552632,2.458810806274414,91,2026-02-26 22:47:40.155395
492,mqtt,f,29.13,56.03,3.61,1772146060.2061348,1772146060.2088163,2.6814937591552734,91,2026-02-26 22:47:40.209073
493,mqtt,f,29.86,48.34,4.22,1772146060.2593758,1772146060.261739,2.3632049560546875,91,2026-02-26 22:47:40.261828
494,mqtt,f,22.36,42.58,4.47,1772146060.3123782,1772146060.314774,2.3958683013916016,91,2026-02-26 22:47:40.314856
495,mqtt,f,24.27,49.81,1.84,1772146060.3654156,1772146060.368476,3.0603408813476562,91,2026-02-26 22:47:40.368561
496,mqtt,f,25.88,59.21,3.13,1772146060.419247,1772146060.4218247,2.5777816772460938,90,2026-02-26 22:47:40.421922
497,mqtt,f,21.25,59.59,4.43,1772146060.4725046,1772146060.4765656,4.060983657836914,91,2026-02-26 22:47:40.476804
498,mqtt,f,26.71,41.91,4.88,1772146060.527655,1772146060.531514,3.8590431213378906,90,2026-02-26 22:47:40.531667
499,mqtt,f,27.08,56.4,1.25,1772146060.582356,1772146060.58507,2.713918685913086,89,2026-02-26 22:47:40.585208
500,mqtt,f,29.67,50.03,1.74,1772146060.635839,1772146060.6383445,2.5055408477783203,90,2026-02-26 22:47:40.638456
501,mqtt,f,22.19,44.14,4.85,1772146060.6891897,1772146060.692456,3.2663345336914062,91,2026-02-26 22:47:40.692605
502,mqtt,f,23.87,48.67,4.04,1772146060.7431746,1772146060.7459145,2.7399063110351562,91,2026-02-26 22:47:40.746044
503,mqtt,f,24.38,41.17,4.94,1772146060.7967267,1772146060.800077,3.3502578735351562,91,2026-02-26 22:47:40.800249
504,mqtt,f,26.55,46.91,4.32,1772146060.8507454,1772146060.8535028,2.7573108673095703,91,2026-02-26 22:47:40.853595
505,mqtt,f,29.5,43.54,4.77,1772146060.9041975,1772146060.907167,2.969503402709961,90,2026-02-26 22:47:40.9073
506,mqtt,f,22.34,58.14,2.86,1772146060.9580827,1772146060.9605243,2.4416446685791016,91,2026-02-26 22:47:40.960651
507,mqtt,f,29.77,41.67,4.57,1772146061.011392,1772146061.0138755,2.483367919921875,90,2026-02-26 22:47:41.01403
508,mqtt,f,26.34,50.98,2.11,1772146061.0647352,1772146061.0678017,3.066539764404297,91,2026-02-26 22:47:41.067916
509,mqtt,f,22.75,42.54,1.54,1772146061.1187842,1772146061.1215482,2.763986587524414,91,2026-02-26 22:47:41.121671
510,mqtt,f,22.41,57.71,3.42,1772146061.1721926,1772146061.174933,2.7403831481933594,91,2026-02-26 22:47:41.175024
511,mqtt,f,20.97,52.91,2.29,1772146061.2255962,1772146061.2280455,2.4492740631103516,91,2026-02-26 22:47:41.228183
512,mqtt,f,20.3,44.23,1.51,1772146061.2786922,1772146061.2811456,2.453327178955078,90,2026-02-26 22:47:41.281225
513,mqtt,f,21.14,57.77,3.48,1772146061.331979,1772146061.3342962,2.317190170288086,90,2026-02-26 22:47:41.33442
514,mqtt,f,25.93,51.73,4.61,1772146061.384982,1772146061.3876753,2.69317626953125,90,2026-02-26 22:47:41.387752
515,mqtt,f,23.26,59.32,2.96,1772146061.4385388,1772146061.4417012,3.162384033203125,91,2026-02-26 22:47:41.441789
516,mqtt,f,24.54,45.6,4.16,1772146061.4923866,1772146061.4951816,2.794981002807617,90,2026-02-26 22:47:41.495277
517,mqtt,f,24.51,43.73,3.03,1772146061.5459614,1772146061.549299,3.3376216888427734,91,2026-02-26 22:47:41.54944
518,mqtt,f,20.36,41.81,2.07,1772146061.5999024,1772146061.6031966,3.294229507446289,91,2026-02-26 22:47:41.603288
519,mqtt,f,26.5,42.57,1.61,1772146061.65406,1772146061.6573737,3.313779830932617,88,2026-02-26 22:47:41.657493
520,mqtt,f,24.21,47.49,3.05,1772146061.7081618,1772146061.7107203,2.558469772338867,91,2026-02-26 22:47:41.710867
521,mqtt,f,28.77,46.4,3.56,1772146061.7615254,1772146061.7646163,3.0908584594726562,90,2026-02-26 22:47:41.76477
522,mqtt,f,28.07,40.41,1.92,1772146061.8153496,1772146061.8179586,2.6090145111083984,91,2026-02-26 22:47:41.818074
523,mqtt,f,22.33,46.89,4.78,1772146061.868546,1772146061.8711977,2.651691436767578,90,2026-02-26 22:47:41.871375
524,mqtt,f,22.37,45.15,4.1,1772146061.9219174,1772146061.9245708,2.653360366821289,90,2026-02-26 22:47:41.924692
525,mqtt,f,24.41,53.33,4.79,1772146061.975223,1772146061.977608,2.3849010467529297,90,2026-02-26 22:47:41.977698
526,mqtt,f,23.95,50.38,4.73,1772146062.0285559,1772146062.0330088,4.452943801879883,91,2026-02-26 22:47:42.033161
527,mqtt,f,29.78,54.11,3.14,1772146062.0839918,1772146062.086755,2.7632713317871094,91,2026-02-26 22:47:42.086841
528,mqtt,f,25.57,44.02,4.41,1772146062.137473,1772146062.140299,2.8259754180908203,90,2026-02-26 22:47:42.140399
529,mqtt,f,28.49,42.55,2.5,1772146062.1911683,1772146062.1936657,2.497434616088867,90,2026-02-26 22:47:42.193751
530,mqtt,f,29.44,55.72,4.52,1772146062.244353,1772146062.246928,2.574920654296875,90,2026-02-26 22:47:42.247039
531,mqtt,f,20.1,54.65,4.1,1772146062.2976081,1772146062.300563,2.9549598693847656,89,2026-02-26 22:47:42.300668
532,mqtt,f,24.53,51.61,2.7,1772146062.3512173,1772146062.3542001,2.9828548431396484,90,2026-02-26 22:47:42.354336
533,mqtt,f,21.3,53.55,1.44,1772146062.404984,1772146062.4077878,2.803802490234375,89,2026-02-26 22:47:42.40791
534,mqtt,f,27.99,41.13,4.9,1772146062.4585261,1772146062.4614532,2.927064895629883,90,2026-02-26 22:47:42.461562
535,mqtt,f,29.94,40.51,4.2,1772146062.512484,1772146062.515522,3.0379295349121094,89,2026-02-26 22:47:42.515611
536,mqtt,f,28.05,49.88,3.37,1772146062.5660403,1772146062.5690436,3.003358840942383,91,2026-02-26 22:47:42.569135
537,mqtt,f,21.76,50.18,2.34,1772146062.619751,1772146062.6222577,2.506732940673828,90,2026-02-26 22:47:42.62235
538,mqtt,f,25.17,48.17,3.85,1772146062.6730518,1772146062.6759086,2.856731414794922,91,2026-02-26 22:47:42.675998
539,mqtt,f,21.24,48.02,1.45,1772146062.726808,1772146062.7293236,2.515554428100586,90,2026-02-26 22:47:42.729465
540,mqtt,f,23.6,45.54,1.45,1772146062.7801366,1772146062.7827168,2.5801658630371094,90,2026-02-26 22:47:42.782806
541,mqtt,f,24.89,44.35,2.67,1772146062.8335114,1772146062.8364065,2.8951168060302734,91,2026-02-26 22:47:42.836546
542,mqtt,f,20.86,40.04,1.28,1772146062.8870552,1772146062.8894029,2.347707748413086,91,2026-02-26 22:47:42.88957
543,mqtt,f,29.57,40.73,2.94,1772146062.9402173,1772146062.9427562,2.538919448852539,91,2026-02-26 22:47:42.94287
544,mqtt,f,28.87,41.74,5,1772146062.993561,1772146062.996319,2.758026123046875,89,2026-02-26 22:47:42.996426
545,mqtt,f,23.23,47.13,3.63,1772146063.0470445,1772146063.049608,2.5634765625,91,2026-02-26 22:47:43.049754
546,mqtt,f,20.53,57.41,2.23,1772146063.1003904,1772146063.1041574,3.7670135498046875,91,2026-02-26 22:47:43.104286
547,mqtt,f,25.64,45.62,1.53,1772146063.1548784,1772146063.1580627,3.1843185424804688,91,2026-02-26 22:47:43.158234
548,mqtt,f,20.91,40.81,2.86,1772146063.2089505,1772146063.211715,2.764463424682617,91,2026-02-26 22:47:43.211848
549,mqtt,f,26.23,42.9,1.18,1772146063.262252,1772146063.2649593,2.707242965698242,89,2026-02-26 22:47:43.265078
550,mqtt,f,25.71,50.47,4.9,1772146063.3156295,1772146063.3185277,2.8982162475585938,90,2026-02-26 22:47:43.31869
551,mqtt,f,25.24,59.42,1.44,1772146063.3695426,1772146063.3725126,2.969980239868164,91,2026-02-26 22:47:43.372638
552,mqtt,f,21.35,55,1.33,1772146063.4233027,1772146063.4260287,2.7260780334472656,90,2026-02-26 22:47:43.426119
553,mqtt,f,29.54,52.58,2.52,1772146063.4768527,1772146063.4795663,2.7136802673339844,91,2026-02-26 22:47:43.479654
554,mqtt,f,25.58,53.25,1.87,1772146063.530407,1772146063.5330994,2.6924610137939453,90,2026-02-26 22:47:43.533211
555,mqtt,f,23.72,46.74,2.96,1772146063.583934,1772146063.5863025,2.368450164794922,90,2026-02-26 22:47:43.586451
556,mqtt,f,24.27,53.65,2.06,1772146063.637104,1772146063.639861,2.7570724487304688,90,2026-02-26 22:47:43.639982
557,mqtt,f,29.59,49.27,3.77,1772146063.6906304,1772146063.6933417,2.7112960815429688,91,2026-02-26 22:47:43.693497
558,mqtt,f,21.76,41.25,4.74,1772146063.7441387,1772146063.7466302,2.491474151611328,91,2026-02-26 22:47:43.74671
559,mqtt,f,28.49,58.76,3.17,1772146063.7977173,1772146063.8005574,2.8400421142578125,91,2026-02-26 22:47:43.800639
560,mqtt,f,28.21,48.23,4.8,1772146063.8515708,1772146063.85459,3.019094467163086,90,2026-02-26 22:47:43.854765
561,mqtt,f,26.67,58.65,3.52,1772146063.9052851,1772146063.9082665,2.981424331665039,91,2026-02-26 22:47:43.90837
562,mqtt,f,25.7,52.16,2.08,1772146063.9588869,1772146063.9619496,3.062725067138672,90,2026-02-26 22:47:43.96204
563,mqtt,f,27.8,47.78,1.2,1772146064.0128317,1772146064.016176,3.344297409057617,89,2026-02-26 22:47:44.016294
564,mqtt,f,21.57,59.69,4.33,1772146064.0668,1772146064.069541,2.7408599853515625,88,2026-02-26 22:47:44.069693
565,mqtt,f,25.57,50.97,4.17,1772146064.1204329,1772146064.1240458,3.612995147705078,91,2026-02-26 22:47:44.124164
566,mqtt,f,22.43,51.58,1.11,1772146064.1745708,1772146064.1771176,2.5467872619628906,91,2026-02-26 22:47:44.177231
567,mqtt,f,28.08,45.06,3.98,1772146064.2280607,1772146064.2310443,2.983570098876953,91,2026-02-26 22:47:44.231145
568,mqtt,f,27.75,45.68,3.88,1772146064.2816632,1772146064.2842185,2.555370330810547,91,2026-02-26 22:47:44.284335
569,mqtt,f,22.26,43.06,3.5,1772146064.334921,1772146064.3383403,3.4193992614746094,89,2026-02-26 22:47:44.338465
570,mqtt,f,24.21,55.12,4.3,1772146064.3893752,1772146064.39207,2.694845199584961,90,2026-02-26 22:47:44.392159
571,mqtt,f,24.14,56.55,4.86,1772146064.4427533,1772146064.445565,2.8116703033447266,91,2026-02-26 22:47:44.445677
572,mqtt,f,25.38,54.61,3.66,1772146064.496363,1772146064.5001945,3.831624984741211,90,2026-02-26 22:47:44.500331
573,mqtt,f,23.35,42.68,3.37,1772146064.5508544,1772146064.5540676,3.213167190551758,91,2026-02-26 22:47:44.554158
574,mqtt,f,24.08,50.44,4.92,1772146064.6049082,1772146064.6080947,3.186464309692383,91,2026-02-26 22:47:44.608205
575,mqtt,f,25.92,50.44,1.77,1772146064.6588044,1772146064.6614354,2.630949020385742,91,2026-02-26 22:47:44.661523
576,mqtt,f,20.46,48.23,1.44,1772146064.7123284,1772146064.715077,2.7484893798828125,91,2026-02-26 22:47:44.715187
577,mqtt,f,25.59,53.94,2.44,1772146064.7658467,1772146064.768403,2.556324005126953,91,2026-02-26 22:47:44.768499
578,mqtt,f,20.87,52.24,4.75,1772146064.8193014,1772146064.822348,3.046751022338867,91,2026-02-26 22:47:44.822469
579,mqtt,f,22.84,47.12,2.97,1772146064.873162,1772146064.876642,3.4799575805664062,90,2026-02-26 22:47:44.876772
580,mqtt,f,29.6,41.99,4.3,1772146064.92742,1772146064.9301906,2.770662307739258,87,2026-02-26 22:47:44.930297
581,mqtt,f,29.74,52.89,2.26,1772146064.9811885,1772146064.9842765,3.0879974365234375,91,2026-02-26 22:47:44.984364
582,mqtt,f,20.46,55.67,4.84,1772146065.0352843,1772146065.0395021,4.217863082885742,91,2026-02-26 22:47:45.039598
583,mqtt,f,24.22,42.41,4.91,1772146065.0902934,1772146065.093608,3.314495086669922,91,2026-02-26 22:47:45.093708
584,mqtt,f,25.11,41.56,2.57,1772146065.14456,1772146065.148132,3.5719871520996094,89,2026-02-26 22:47:45.14823
585,mqtt,f,29.32,46.8,1.72,1772146065.1989625,1772146065.201611,2.648591995239258,90,2026-02-26 22:47:45.201736
586,mqtt,f,22.36,43.59,4.94,1772146065.2526786,1772146065.255634,2.9554367065429688,91,2026-02-26 22:47:45.255805
587,mqtt,f,23.67,55,3.51,1772146065.3063815,1772146065.3089757,2.5942325592041016,90,2026-02-26 22:47:45.309058
588,mqtt,f,21.57,59.58,4.11,1772146065.3597984,1772146065.362845,3.0465126037597656,91,2026-02-26 22:47:45.362925
589,mqtt,f,21.46,44.84,4.36,1772146065.413586,1772146065.4171216,3.535747528076172,90,2026-02-26 22:47:45.417245
590,mqtt,f,23.96,54.2,3.96,1772146065.467864,1772146065.4706626,2.7985572814941406,89,2026-02-26 22:47:45.470791
591,mqtt,f,23.48,59.92,1.14,1772146065.5214105,1772146065.5242398,2.829313278198242,91,2026-02-26 22:47:45.524379
592,mqtt,f,25.84,40.05,2.64,1772146065.575095,1772146065.5779202,2.8252601623535156,90,2026-02-26 22:47:45.578037
593,mqtt,f,22.71,52.79,2.78,1772146065.6285825,1772146065.6316798,3.0972957611083984,91,2026-02-26 22:47:45.631883
594,mqtt,f,26.62,59.88,1.93,1772146065.6823983,1772146065.6854765,3.0782222747802734,91,2026-02-26 22:47:45.685656
595,mqtt,f,25.29,57.95,3.05,1772146065.7363968,1772146065.7389607,2.563953399658203,91,2026-02-26 22:47:45.739078
596,mqtt,f,26.82,54.31,1.58,1772146065.7896128,1772146065.7923164,2.7036666870117188,91,2026-02-26 22:47:45.79248
597,mqtt,f,21.44,42.54,1.69,1772146065.8429546,1772146065.845585,2.630472183227539,91,2026-02-26 22:47:45.845678
598,mqtt,f,27.71,49.68,1.17,1772146065.896259,1772146065.8991685,2.909421920776367,90,2026-02-26 22:47:45.899255
599,mqtt,f,27.55,40.91,1.97,1772146065.9501503,1772146065.9534032,3.2529830932617188,91,2026-02-26 22:47:45.953499
600,mqtt,f,25.8,58.55,4.72,1772146066.004176,1772146066.0071814,3.005504608154297,89,2026-02-26 22:47:46.007281
601,mqtt,f,27.86,53.83,4.88,1772146066.057567,1772146066.060284,2.7170181274414062,90,2026-02-26 22:47:46.060405
602,mqtt,f,28.05,54.11,2.12,1772146066.1112437,1772146066.1146758,3.432035446166992,91,2026-02-26 22:47:46.114751
603,mqtt,f,25.92,48.94,4.58,1772146066.1653662,1772146066.1683927,3.0264854431152344,91,2026-02-26 22:47:46.168528
604,mqtt,f,25.53,49.11,4.56,1772146066.2190046,1772146066.2222464,3.2417774200439453,91,2026-02-26 22:47:46.222327
605,mqtt,f,27.27,41.92,2.48,1772146066.2728596,1772146066.2754445,2.5849342346191406,91,2026-02-26 22:47:46.275534
606,mqtt,f,22.81,41.64,4.6,1772146066.3262303,1772146066.3289917,2.761363983154297,90,2026-02-26 22:47:46.32907
607,mqtt,f,24.07,41.59,4.78,1772146066.3796017,1772146066.3829434,3.3416748046875,91,2026-02-26 22:47:46.38312
608,mqtt,f,22.09,49.82,2.94,1772146066.433771,1772146066.43696,3.1890869140625,90,2026-02-26 22:47:46.437093
609,mqtt,f,26.32,52.37,1.52,1772146066.4877071,1772146066.4910717,3.36456298828125,91,2026-02-26 22:47:46.491206
610,mqtt,f,21.78,40.3,3.49,1772146066.5419872,1772146066.5451007,3.1135082244873047,90,2026-02-26 22:47:46.545242
611,mqtt,f,26.34,47.5,3.84,1772146066.5958593,1772146066.5991883,3.329038619995117,90,2026-02-26 22:47:46.599289
612,mqtt,f,25.47,51.48,2.77,1772146066.6500404,1772146066.6533284,3.2880306243896484,91,2026-02-26 22:47:46.653453
613,mqtt,f,24.33,40.89,4.31,1772146066.7041626,1772146066.7075305,3.367900848388672,91,2026-02-26 22:47:46.707634
614,mqtt,f,27.25,53.26,3.41,1772146066.7582755,1772146066.7614424,3.1669139862060547,91,2026-02-26 22:47:46.761562
615,mqtt,f,22.43,48.91,1.71,1772146066.8120885,1772146066.8146992,2.6106834411621094,91,2026-02-26 22:47:46.814906
616,mqtt,f,23.24,42.23,1.09,1772146066.865419,1772146066.8684251,3.0062198638916016,90,2026-02-26 22:47:46.868532
617,mqtt,f,29.79,57.75,2.38,1772146066.9192395,1772146066.922373,3.133535385131836,91,2026-02-26 22:47:46.922531
618,mqtt,f,23.37,58.48,4.89,1772146066.9730716,1772146066.9759068,2.8352737426757812,91,2026-02-26 22:47:46.976076
619,mqtt,f,24.5,58.29,2.12,1772146067.026645,1772146067.029368,2.7229785919189453,89,2026-02-26 22:47:47.02953
620,mqtt,f,28.81,49.8,2.48,1772146067.0800924,1772146067.0829642,2.8717517852783203,90,2026-02-26 22:47:47.083076
621,mqtt,f,29.57,48.04,4.16,1772146067.133668,1772146067.1367168,3.0488967895507812,90,2026-02-26 22:47:47.136796
622,mqtt,f,26.26,46.91,3.77,1772146067.1874242,1772146067.189997,2.572774887084961,91,2026-02-26 22:47:47.190077
623,mqtt,f,28.28,51.23,2.32,1772146067.2408228,1772146067.2433536,2.530813217163086,91,2026-02-26 22:47:47.243473
624,mqtt,f,23.31,44.68,1.04,1772146067.294078,1772146067.2975757,3.497600555419922,90,2026-02-26 22:47:47.297734
625,mqtt,f,23.41,45.49,1.13,1772146067.3482244,1772146067.3509219,2.697467803955078,91,2026-02-26 22:47:47.351017
626,mqtt,f,22.16,46.27,1.98,1772146067.4015472,1772146067.4047031,3.155946731567383,91,2026-02-26 22:47:47.404821
627,mqtt,f,21.76,55.31,4.06,1772146067.4552042,1772146067.4581304,2.9261112213134766,91,2026-02-26 22:47:47.45829
628,mqtt,f,24.66,47.36,1.2,1772146067.509193,1772146067.5127172,3.524303436279297,89,2026-02-26 22:47:47.51284
629,mqtt,f,24.11,57.91,3.08,1772146067.5634832,1772146067.5660582,2.574920654296875,91,2026-02-26 22:47:47.566136
630,mqtt,f,29.68,47.73,1.79,1772146067.6167588,1772146067.6197984,3.0395984649658203,91,2026-02-26 22:47:47.619923
631,mqtt,f,22.5,47.55,4.15,1772146067.6705682,1772146067.6736166,3.048419952392578,90,2026-02-26 22:47:47.673712
632,mqtt,f,25.76,46.86,1.53,1772146067.7244523,1772146067.7274253,2.9730796813964844,91,2026-02-26 22:47:47.727555
633,mqtt,f,22.63,54.02,2.96,1772146067.7782533,1772146067.780972,2.718687057495117,91,2026-02-26 22:47:47.781106
634,mqtt,f,26.14,52.02,4.48,1772146067.8317497,1772146067.8347728,3.0231475830078125,91,2026-02-26 22:47:47.834903
635,mqtt,f,23.36,51.27,4.6,1772146067.8857412,1772146067.8889132,3.1719207763671875,90,2026-02-26 22:47:47.889005
636,mqtt,f,26.35,44.61,2.46,1772146067.9399538,1772146067.943632,3.6780834197998047,91,2026-02-26 22:47:47.943782
637,mqtt,f,25.54,50.64,4.43,1772146067.9942791,1772146067.9970155,2.736330032348633,91,2026-02-26 22:47:47.997209
638,mqtt,f,23.86,55.56,2.98,1772146068.0478194,1772146068.0513556,3.536224365234375,91,2026-02-26 22:47:48.051461
639,mqtt,f,24.09,57.51,2.38,1772146068.1023867,1772146068.1054955,3.1087398529052734,91,2026-02-26 22:47:48.10565
640,mqtt,f,28.01,56.79,2.3,1772146068.1561615,1772146068.158919,2.757549285888672,90,2026-02-26 22:47:48.158998
641,mqtt,f,21.62,56.76,3.21,1772146068.209613,1772146068.212468,2.8548240661621094,90,2026-02-26 22:47:48.212596
642,mqtt,f,29.58,57.83,1.55,1772146068.2631407,1772146068.2656896,2.5489330291748047,91,2026-02-26 22:47:48.265811
643,mqtt,f,29.47,49.91,4.73,1772146068.3163102,1772146068.3192773,2.9671192169189453,91,2026-02-26 22:47:48.319402
644,mqtt,f,23.22,53.93,4.16,1772146068.3700829,1772146068.373652,3.5691261291503906,91,2026-02-26 22:47:48.373752
645,mqtt,f,23.85,43.94,4.52,1772146068.4242344,1772146068.427416,3.1816959381103516,91,2026-02-26 22:47:48.427585
646,mqtt,f,23.52,41.78,3.16,1772146068.478143,1772146068.4815686,3.42559814453125,90,2026-02-26 22:47:48.481674
647,mqtt,f,26.27,53.78,3.07,1772146068.5323412,1772146068.5350316,2.6903152465820312,91,2026-02-26 22:47:48.53518
648,mqtt,f,29.53,56.38,3.13,1772146068.5857592,1772146068.5884023,2.643108367919922,91,2026-02-26 22:47:48.588608
649,mqtt,f,20.93,57.25,3,1772146068.639172,1772146068.6420543,2.882242202758789,89,2026-02-26 22:47:48.642181
650,mqtt,f,27.12,45.16,3.88,1772146068.6928449,1772146068.695631,2.7861595153808594,91,2026-02-26 22:47:48.695727
651,mqtt,f,29.86,40.63,3.13,1772146068.7463984,1772146068.7490861,2.687692642211914,91,2026-02-26 22:47:48.74919
652,mqtt,f,27.96,55.93,1.95,1772146068.799928,1772146068.8026347,2.706766128540039,90,2026-02-26 22:47:48.8028
653,mqtt,f,27.79,48.41,2.08,1772146068.8536,1772146068.8567863,3.1862258911132812,88,2026-02-26 22:47:48.856904
654,mqtt,f,23.63,55.5,2.27,1772146068.9076147,1772146068.9108005,3.185749053955078,90,2026-02-26 22:47:48.910944
655,mqtt,f,26.56,41.62,1.9,1772146068.9615602,1772146068.964506,2.9456615447998047,90,2026-02-26 22:47:48.964623
656,mqtt,f,25.14,40.09,3.63,1772146069.0156953,1772146069.018584,2.8886795043945312,91,2026-02-26 22:47:49.018736
657,mqtt,f,24.91,50.36,2,1772146069.0695088,1772146069.0725691,3.0603408813476562,90,2026-02-26 22:47:49.072694
658,mqtt,f,23.32,46.51,3.93,1772146069.1234272,1772146069.1259856,2.558469772338867,91,2026-02-26 22:47:49.126133
659,mqtt,f,22.65,53.01,4.19,1772146069.1768398,1772146069.1800475,3.207683563232422,91,2026-02-26 22:47:49.180243
660,mqtt,f,22.28,51.07,4.63,1772146069.2309504,1772146069.233386,2.4356842041015625,91,2026-02-26 22:47:49.233485
661,mqtt,f,24.88,54.88,4.84,1772146069.2844517,1772146069.2874234,2.971649169921875,91,2026-02-26 22:47:49.287527
662,mqtt,f,28.41,59.32,2.5,1772146069.3384678,1772146069.3412092,2.7413368225097656,90,2026-02-26 22:47:49.341298
663,mqtt,f,22.17,41.09,1.01,1772146069.3919997,1772146069.3948839,2.8841495513916016,91,2026-02-26 22:47:49.395019
664,mqtt,f,24.8,47.07,1.71,1772146069.445523,1772146069.448622,3.0989646911621094,89,2026-02-26 22:47:49.448724
665,mqtt,f,29.06,54.76,3.47,1772146069.499478,1772146069.5026307,3.152608871459961,90,2026-02-26 22:47:49.502833
666,mqtt,f,26.62,42.74,1.65,1772146069.553791,1772146069.5571249,3.3338069915771484,90,2026-02-26 22:47:49.557253
667,mqtt,f,27.11,52.28,3.63,1772146069.6078513,1772146069.6104653,2.6140213012695312,91,2026-02-26 22:47:49.610636
668,mqtt,f,29.5,54.33,4.66,1772146069.6614518,1772146069.6645436,3.0918121337890625,90,2026-02-26 22:47:49.664682
669,mqtt,f,26.66,42.9,3.7,1772146069.7156496,1772146069.7191792,3.5295486450195312,89,2026-02-26 22:47:49.719274
670,mqtt,f,21.97,52.39,2.04,1772146069.7682912,1772146069.7711055,2.8142929077148438,91,2026-02-26 22:47:49.771189
671,mqtt,f,29.98,54.34,1.27,1772146069.821899,1772146069.8246062,2.707242965698242,90,2026-02-26 22:47:49.82471
672,mqtt,f,28.77,40.62,4.51,1772146069.875403,1772146069.8785126,3.1096935272216797,90,2026-02-26 22:47:49.878639
673,mqtt,f,27.69,40.18,4.3,1772146069.9292836,1772146069.9323528,3.069162368774414,90,2026-02-26 22:47:49.932446
674,mqtt,f,29.35,57.6,3.98,1772146069.9831018,1772146069.9860046,2.9027462005615234,90,2026-02-26 22:47:49.986151
675,mqtt,f,29.59,49.91,1.59,1772146070.036781,1772146070.040104,3.3228397369384766,90,2026-02-26 22:47:50.040237
676,mqtt,f,24.22,47.17,2.92,1772146070.0907323,1772146070.0941658,3.4334659576416016,91,2026-02-26 22:47:50.094314
677,mqtt,f,21.29,41.06,1.62,1772146070.1450748,1772146070.1481555,3.080606460571289,91,2026-02-26 22:47:50.148321
678,mqtt,f,28.93,56.14,3.15,1772146070.1989398,1772146070.2028573,3.9174556732177734,91,2026-02-26 22:47:50.203005
679,mqtt,f,24.78,50.01,3.85,1772146070.2540903,1772146070.2571628,3.072500228881836,91,2026-02-26 22:47:50.257268
680,mqtt,f,28.17,52.44,4.65,1772146070.3081708,1772146070.3114727,3.301858901977539,91,2026-02-26 22:47:50.311577
681,mqtt,f,25.94,48.93,2.19,1772146070.362608,1772146070.3654823,2.8743743896484375,90,2026-02-26 22:47:50.365603
682,mqtt,f,28.21,51,3.1,1772146070.4165592,1772146070.4201458,3.5865306854248047,89,2026-02-26 22:47:50.420247
683,mqtt,f,24.37,47.82,2.21,1772146070.4708695,1772146070.473866,2.9964447021484375,91,2026-02-26 22:47:50.474096
684,mqtt,f,23.08,56.12,2.7,1772146070.524698,1772146070.527855,3.156900405883789,89,2026-02-26 22:47:50.527937
685,mqtt,f,21.14,57.28,3.17,1772146070.5784955,1772146070.5811348,2.639293670654297,91,2026-02-26 22:47:50.581216
686,mqtt,f,20.93,53.37,1.39,1772146070.6318352,1772146070.6342542,2.418994903564453,91,2026-02-26 22:47:50.634441
687,mqtt,f,23.57,57.86,3.34,1772146070.6850774,1772146070.687692,2.6144981384277344,91,2026-02-26 22:47:50.687851
688,mqtt,f,25.1,47.93,4.96,1772146070.738479,1772146070.7408762,2.397298812866211,89,2026-02-26 22:47:50.741012
689,mqtt,f,27.86,47.36,4.37,1772146070.791692,1772146070.7944062,2.7141571044921875,90,2026-02-26 22:47:50.794551
690,mqtt,f,26.97,44.24,4.44,1772146070.8451443,1772146070.8481686,3.0243396759033203,91,2026-02-26 22:47:50.848279
691,mqtt,f,20.25,59.71,4.37,1772146070.8990374,1772146070.902054,3.0167102813720703,91,2026-02-26 22:47:50.902155
692,mqtt,f,22.36,49.22,1.92,1772146070.952904,1772146070.9552553,2.3512840270996094,90,2026-02-26 22:47:50.955361
693,mqtt,f,21.78,44.52,4.76,1772146071.005982,1772146071.0083551,2.373218536376953,90,2026-02-26 22:47:51.008471
694,mqtt,f,25.65,46.36,4.46,1772146071.058905,1772146071.061404,2.499103546142578,90,2026-02-26 22:47:51.061502
695,mqtt,f,20.28,48.96,3.24,1772146071.112125,1772146071.1146889,2.563953399658203,90,2026-02-26 22:47:51.114768
696,mqtt,f,21.25,44.31,1.67,1772146071.165474,1772146071.168624,3.1499862670898438,90,2026-02-26 22:47:51.16876
697,mqtt,f,25.04,50.7,4.29,1772146071.219831,1772146071.2224104,2.5794506072998047,89,2026-02-26 22:47:51.22251
698,mqtt,f,20.81,42.68,2.85,1772146071.2732663,1772146071.275896,2.6297569274902344,91,2026-02-26 22:47:51.27601
699,mqtt,f,20.05,48.58,1.52,1772146071.326534,1772146071.3294508,2.9168128967285156,90,2026-02-26 22:47:51.329601
700,mqtt,f,25.57,44.74,4.39,1772146071.3801332,1772146071.3826675,2.5343894958496094,91,2026-02-26 22:47:51.382781
701,mqtt,f,25.87,46.92,3.24,1772146071.4334118,1772146071.437002,3.590106964111328,91,2026-02-26 22:47:51.437136
702,mqtt,f,27.99,44.08,2.11,1772146071.4877727,1772146071.4911125,3.3397674560546875,91,2026-02-26 22:47:51.491224
703,mqtt,f,26.16,50.45,1.55,1772146071.5417764,1772146071.5445051,2.728700637817383,91,2026-02-26 22:47:51.544689
704,mqtt,f,21.53,42.49,2.75,1772146071.5952597,1772146071.598141,2.881288528442383,91,2026-02-26 22:47:51.598232
705,mqtt,f,27.95,50.55,4.87,1772146071.6489298,1772146071.6515682,2.6383399963378906,91,2026-02-26 22:47:51.651715
706,mqtt,f,22.35,55.58,2.09,1772146071.7023392,1772146071.7047074,2.3682117462158203,91,2026-02-26 22:47:51.704826
707,mqtt,f,23.48,41.33,1.24,1772146071.7555344,1772146071.758906,3.3714771270751953,91,2026-02-26 22:47:51.759042
708,mqtt,f,24.13,40.79,2.51,1772146071.8096225,1772146071.8126812,3.0586719512939453,91,2026-02-26 22:47:51.812802
709,mqtt,f,29.33,52.31,1.26,1772146071.8636713,1772146071.8660223,2.351045608520508,91,2026-02-26 22:47:51.866101
710,mqtt,f,28.8,56.29,4.97,1772146071.9169183,1772146071.9204266,3.508329391479492,90,2026-02-26 22:47:51.92057
711,mqtt,f,26.03,43.15,1.1,1772146071.971143,1772146071.9737864,2.6433467864990234,89,2026-02-26 22:47:51.973866
712,mqtt,f,25.95,54.91,3.01,1772146072.0245917,1772146072.0283391,3.7474632263183594,91,2026-02-26 22:47:52.028441
713,mqtt,f,22.37,54.62,4.48,1772146072.0792167,1772146072.0822096,2.992868423461914,91,2026-02-26 22:47:52.082294
714,mqtt,f,27.46,49.54,1.64,1772146072.1328487,1772146072.1360288,3.1800270080566406,91,2026-02-26 22:47:52.136176
715,mqtt,f,21.38,47.1,1.79,1772146072.1871514,1772146072.19043,3.278493881225586,90,2026-02-26 22:47:52.190524
716,mqtt,f,27.25,41.91,4.7,1772146072.2413228,1772146072.2446203,3.297567367553711,90,2026-02-26 22:47:52.244785
717,mqtt,f,21.46,45.66,1.21,1772146072.2955456,1772146072.2985833,3.037691116333008,91,2026-02-26 22:47:52.298678
718,mqtt,f,22.73,42.87,1.52,1772146072.3494384,1772146072.3518405,2.402067184448242,91,2026-02-26 22:47:52.351973
719,mqtt,f,21.49,55.57,3.39,1772146072.402539,1772146072.4048994,2.3603439331054688,90,2026-02-26 22:47:52.40498
720,mqtt,f,20.34,50.07,1.42,1772146072.4556775,1772146072.4585388,2.8612613677978516,91,2026-02-26 22:47:52.458648
721,mqtt,f,25.48,41.83,4.94,1772146072.5093138,1772146072.5128832,3.569364547729492,91,2026-02-26 22:47:52.513047
722,mqtt,f,24.43,44.7,4.22,1772146072.5640287,1772146072.5668128,2.7840137481689453,90,2026-02-26 22:47:52.566992
723,mqtt,f,25.56,56.74,2.69,1772146072.61774,1772146072.6210406,3.3006668090820312,89,2026-02-26 22:47:52.621161
724,mqtt,f,24.44,48.1,2.32,1772146072.6719255,1772146072.6756537,3.728151321411133,90,2026-02-26 22:47:52.675796
725,mqtt,f,22.45,42.94,3.52,1772146072.7263763,1772146072.7290657,2.689361572265625,91,2026-02-26 22:47:52.729205
726,mqtt,f,28.35,55.98,2.74,1772146072.7798715,1772146072.7833123,3.44085693359375,91,2026-02-26 22:47:52.783505
727,mqtt,f,26.41,58.95,2.13,1772146072.8341446,1772146072.8368928,2.748250961303711,91,2026-02-26 22:47:52.837039
728,mqtt,f,28.03,55.42,1.59,1772146072.887768,1772146072.8913724,3.604412078857422,90,2026-02-26 22:47:52.891451
729,mqtt,f,20.09,45.48,1.28,1772146072.942277,1772146072.945464,3.186941146850586,90,2026-02-26 22:47:52.945572
730,mqtt,f,20.95,46.79,1.28,1772146072.9962387,1772146073.0002663,4.027605056762695,91,2026-02-26 22:47:53.000409
731,mqtt,f,21.1,42.34,1.77,1772146073.0510697,1772146073.0540833,3.01361083984375,90,2026-02-26 22:47:53.054172
732,mqtt,f,29.84,42.62,1.17,1772146073.1048157,1772146073.1079931,3.1774044036865234,91,2026-02-26 22:47:53.108146
733,mqtt,f,21.27,42.97,1.62,1772146073.1586297,1772146073.1611679,2.5382041931152344,91,2026-02-26 22:47:53.161313
734,mqtt,f,25.84,43.9,2.81,1772146073.2120686,1772146073.2148094,2.7408599853515625,90,2026-02-26 22:47:53.214896
735,mqtt,f,22.87,53.83,1.28,1772146073.2656276,1772146073.2684145,2.786874771118164,91,2026-02-26 22:47:53.268535
736,mqtt,f,20.79,49.7,2.31,1772146073.3195498,1772146073.3221405,2.590656280517578,90,2026-02-26 22:47:53.322285
737,mqtt,f,28.3,45.75,3.66,1772146073.3731952,1772146073.3759341,2.73895263671875,90,2026-02-26 22:47:53.376063
738,mqtt,f,27.8,43.97,2.31,1772146073.4267018,1772146073.4295151,2.8133392333984375,90,2026-02-26 22:47:53.429605
739,mqtt,f,20.38,47.92,2.26,1772146073.4802668,1772146073.4835832,3.3164024353027344,91,2026-02-26 22:47:53.483675
740,mqtt,f,25.21,52.65,1.24,1772146073.5344827,1772146073.537811,3.3283233642578125,91,2026-02-26 22:47:53.537981
741,mqtt,f,23.85,53.41,3.21,1772146073.5889115,1772146073.5914273,2.5157928466796875,91,2026-02-26 22:47:53.591533
742,mqtt,f,25.03,54.46,4.15,1772146073.6423376,1772146073.6454518,3.1142234802246094,91,2026-02-26 22:47:53.645566
743,mqtt,f,24.1,55.43,3.12,1772146073.6965148,1772146073.6989186,2.403736114501953,90,2026-02-26 22:47:53.699015
744,mqtt,f,24.73,53.76,2.64,1772146073.7498932,1772146073.7548954,5.002260208129883,91,2026-02-26 22:47:53.754985
745,mqtt,f,21.46,41.35,3.94,1772146073.8056824,1772146073.8088703,3.187894821166992,91,2026-02-26 22:47:53.808992
746,mqtt,f,26.21,49.56,2.29,1772146073.8598456,1772146073.8629296,3.083944320678711,91,2026-02-26 22:47:53.863041
747,mqtt,f,21.09,58.89,1.12,1772146073.9139545,1772146073.9169233,2.9687881469726562,91,2026-02-26 22:47:53.917017
748,mqtt,f,24.64,45.76,3.43,1772146073.9679239,1772146073.9703612,2.4373531341552734,91,2026-02-26 22:47:53.970448
749,mqtt,f,21.2,52.77,2.77,1772146074.0210283,1772146074.023455,2.426624298095703,90,2026-02-26 22:47:54.023542
750,mqtt,f,27.01,44.53,2.62,1772146074.0743055,1772146074.0771954,2.889871597290039,91,2026-02-26 22:47:54.077313
751,mqtt,f,22.07,48.03,1.35,1772146074.1280494,1772146074.1307244,2.6750564575195312,91,2026-02-26 22:47:54.130816
752,mqtt,f,29.45,43.7,4.54,1772146074.1814213,1772146074.184638,3.2167434692382812,90,2026-02-26 22:47:54.184839
753,mqtt,f,22.96,56.74,2.87,1772146074.2354145,1772146074.2379775,2.562999725341797,91,2026-02-26 22:47:54.238081
754,mqtt,f,25.78,56.56,3.37,1772146074.2889187,1772146074.292232,3.313302993774414,91,2026-02-26 22:47:54.292339
755,mqtt,f,20.2,47.73,1.1,1772146074.343291,1772146074.3466177,3.3266544342041016,88,2026-02-26 22:47:54.346756
756,mqtt,f,24.96,49.86,4.39,1772146074.3973396,1772146074.400337,2.9973983764648438,91,2026-02-26 22:47:54.400519
757,mqtt,f,29.14,52.35,2.69,1772146074.4512546,1772146074.4541905,2.9358863830566406,91,2026-02-26 22:47:54.454375
758,mqtt,f,25.05,54.6,2.28,1772146074.5049202,1772146074.507891,2.9706954956054688,90,2026-02-26 22:47:54.507989
759,mqtt,f,26.48,59.81,2.13,1772146074.5587652,1772146074.5623934,3.628253936767578,91,2026-02-26 22:47:54.562535
760,mqtt,f,26.82,55.2,1,1772146074.613257,1772146074.616381,3.1239986419677734,88,2026-02-26 22:47:54.616513
761,mqtt,f,25.96,57.42,4.35,1772146074.6669862,1772146074.6702123,3.226041793823242,91,2026-02-26 22:47:54.670309
762,mqtt,f,28.09,41.08,4.91,1772146074.7211897,1772146074.723666,2.476215362548828,91,2026-02-26 22:47:54.723788
763,mqtt,f,22.37,57.66,4.63,1772146074.7744865,1772146074.7768216,2.335071563720703,91,2026-02-26 22:47:54.77696
764,mqtt,f,25.71,58.13,1.77,1772146074.8275754,1772146074.8304214,2.8460025787353516,91,2026-02-26 22:47:54.830554
765,mqtt,f,26.27,48.73,1.48,1772146074.8812459,1772146074.8839314,2.685546875,91,2026-02-26 22:47:54.884025
766,mqtt,f,26.85,59.09,2.48,1772146074.9346244,1772146074.9370105,2.3860931396484375,91,2026-02-26 22:47:54.937131
767,mqtt,f,24.79,56.27,4.31,1772146074.987741,1772146074.9913878,3.6468505859375,90,2026-02-26 22:47:54.991515
768,mqtt,f,21.2,47.13,1.23,1772146075.0425026,1772146075.0463789,3.876209259033203,90,2026-02-26 22:47:55.046514
769,mqtt,f,23.01,55.22,2.54,1772146075.0976703,1772146075.101343,3.6725997924804688,91,2026-02-26 22:47:55.101491
770,mqtt,f,28.02,43.41,2.52,1772146075.1524625,1772146075.1552262,2.7637481689453125,91,2026-02-26 22:47:55.155367
771,mqtt,f,27.77,44.54,1.19,1772146075.2060308,1772146075.20884,2.8090476989746094,91,2026-02-26 22:47:55.208998
772,mqtt,f,22.25,47.23,3.3,1772146075.2597985,1772146075.2627628,2.9642581939697266,90,2026-02-26 22:47:55.262864
773,mqtt,f,21.22,54.81,4.52,1772146075.313614,1772146075.3169937,3.37982177734375,90,2026-02-26 22:47:55.317119
774,mqtt,f,29.29,44.86,2.45,1772146075.3676476,1772146075.3708434,3.1957626342773438,91,2026-02-26 22:47:55.371048
775,mqtt,f,20.89,53.78,2.03,1772146075.421738,1772146075.4251542,3.416299819946289,90,2026-02-26 22:47:55.425264
776,mqtt,f,26.34,58.49,4.65,1772146075.4757524,1772146075.47875,2.9976367950439453,91,2026-02-26 22:47:55.478842
777,mqtt,f,27.64,58.5,2.87,1772146075.529779,1772146075.5330913,3.312349319458008,89,2026-02-26 22:47:55.533206
778,mqtt,f,21.07,44.86,1.62,1772146075.5839708,1772146075.5869644,2.9935836791992188,91,2026-02-26 22:47:55.5871
779,mqtt,f,20.8,52.42,4.89,1772146075.6378188,1772146075.6403804,2.5615692138671875,90,2026-02-26 22:47:55.640543
780,mqtt,f,24.04,46.93,2.38,1772146075.6911213,1772146075.6935415,2.420186996459961,91,2026-02-26 22:47:55.693627
781,mqtt,f,25.83,41.3,4.14,1772146075.7445548,1772146075.7471828,2.6280879974365234,90,2026-02-26 22:47:55.747256
782,mqtt,f,20.6,42.53,3.95,1772146075.798031,1772146075.8019984,3.96728515625,89,2026-02-26 22:47:55.802136
783,mqtt,f,24.24,44.41,3.32,1772146075.8530602,1772146075.8560343,2.9740333557128906,91,2026-02-26 22:47:55.856123
784,mqtt,f,25.38,56.23,3.59,1772146075.907,1772146075.9103742,3.3740997314453125,87,2026-02-26 22:47:55.910509
785,mqtt,f,24.83,56.71,2.12,1772146075.9614522,1772146075.9639635,2.511262893676758,91,2026-02-26 22:47:55.964076
786,mqtt,f,28.78,45.2,2.28,1772146076.0149739,1772146076.0177379,2.763986587524414,90,2026-02-26 22:47:56.017842
787,mqtt,f,20.53,54.42,2.34,1772146076.0687037,1772146076.0716174,2.9137134552001953,91,2026-02-26 22:47:56.071728
788,mqtt,f,25.1,45.69,1.83,1772146076.1225457,1772146076.125026,2.4802684783935547,90,2026-02-26 22:47:56.125137
789,mqtt,f,23.93,43.65,1.61,1772146076.1760645,1772146076.1793013,3.2367706298828125,91,2026-02-26 22:47:56.179435
790,mqtt,f,28.99,58.77,2.76,1772146076.2299833,1772146076.2327824,2.7990341186523438,91,2026-02-26 22:47:56.232867
791,mqtt,f,25.02,58.37,4.33,1772146076.2835639,1772146076.2875032,3.939390182495117,91,2026-02-26 22:47:56.287619
792,mqtt,f,29.97,50.06,1.17,1772146076.3382235,1772146076.341091,2.867460250854492,91,2026-02-26 22:47:56.341218
793,mqtt,f,28.61,49.62,4.29,1772146076.3918974,1772146076.394488,2.590656280517578,91,2026-02-26 22:47:56.394605
794,mqtt,f,29.66,48,1.36,1772146076.4452524,1772146076.4478648,2.6123523712158203,90,2026-02-26 22:47:56.447953
795,mqtt,f,28.95,55.72,4.81,1772146076.4986243,1772146076.5021598,3.5355091094970703,91,2026-02-26 22:47:56.502245
796,mqtt,f,27.51,57.57,4.38,1772146076.5529494,1772146076.55563,2.680540084838867,91,2026-02-26 22:47:56.555748
797,mqtt,f,23.14,45.73,3.11,1772146076.6064804,1772146076.609278,2.7976036071777344,91,2026-02-26 22:47:56.609385
798,mqtt,f,27.81,44.13,4.25,1772146076.6600144,1772146076.6625834,2.568960189819336,91,2026-02-26 22:47:56.662681
799,mqtt,f,27.36,58.86,3.28,1772146076.7135282,1772146076.7166352,3.1070709228515625,91,2026-02-26 22:47:56.716762
800,mqtt,f,23.86,48.7,2.38,1772146076.767452,1772146076.7699552,2.5031566619873047,89,2026-02-26 22:47:56.770036
801,mqtt,f,27.13,46.95,2.58,1772146076.820812,1772146076.8247433,3.931283950805664,90,2026-02-26 22:47:56.82489
802,mqtt,f,26.68,54.93,2.3,1772146076.8756902,1772146076.879449,3.758668899536133,90,2026-02-26 22:47:56.879587
803,mqtt,f,27.2,44.61,3.57,1772146076.9312837,1772146076.9349244,3.6406517028808594,90,2026-02-26 22:47:56.935038
804,mqtt,f,23.38,43.42,4.81,1772146076.9857986,1772146076.9890935,3.2949447631835938,91,2026-02-26 22:47:56.989272
805,mqtt,f,22.71,49.06,2.97,1772146077.0400596,1772146077.0428813,2.821683883666992,91,2026-02-26 22:47:57.043036
806,mqtt,f,22.83,53.47,1.84,1772146077.0936801,1772146077.0963156,2.635478973388672,91,2026-02-26 22:47:57.096448
807,mqtt,f,23.02,41.55,3.55,1772146077.1472428,1772146077.1496189,2.376079559326172,91,2026-02-26 22:47:57.149707
808,mqtt,f,28.14,54.86,2.67,1772146077.200292,1772146077.2035432,3.2510757446289062,90,2026-02-26 22:47:57.203677
809,mqtt,f,26.31,58.67,4.93,1772146077.2545247,1772146077.2571902,2.6655197143554688,91,2026-02-26 22:47:57.257311
810,mqtt,f,29,42.88,2.94,1772146077.3079746,1772146077.3108034,2.828836441040039,90,2026-02-26 22:47:57.310881
811,mqtt,f,23.59,58.4,4.57,1772146077.3618197,1772146077.3649027,3.0829906463623047,90,2026-02-26 22:47:57.364986
812,mqtt,f,24.87,51.57,2.51,1772146077.416066,1772146077.4186935,2.6276111602783203,90,2026-02-26 22:47:57.418777
813,mqtt,f,26.64,50.28,2.57,1772146077.4694307,1772146077.4724574,3.026723861694336,91,2026-02-26 22:47:57.472537
814,mqtt,f,24.78,57.33,2.93,1772146077.5232728,1772146077.527023,3.750324249267578,91,2026-02-26 22:47:57.527104
815,mqtt,f,22.88,47.82,1.94,1772146077.5777988,1772146077.581125,3.3261775970458984,91,2026-02-26 22:47:57.581219
816,mqtt,f,26.76,42.75,3.46,1772146077.6319902,1772146077.6347427,2.752542495727539,91,2026-02-26 22:47:57.634875
817,mqtt,f,25.83,48.38,3.13,1772146077.6854258,1772146077.6879203,2.4945735931396484,91,2026-02-26 22:47:57.688002
818,mqtt,f,20.56,45.82,1.82,1772146077.7386425,1772146077.7410724,2.429962158203125,91,2026-02-26 22:47:57.741177
819,mqtt,f,24,55.12,3.22,1772146077.791983,1772146077.7950428,3.059864044189453,89,2026-02-26 22:47:57.795143
820,mqtt,f,28.97,56.95,3.45,1772146077.8459704,1772146077.84866,2.6895999908447266,91,2026-02-26 22:47:57.848799
821,mqtt,f,20.92,57,1.18,1772146077.8993533,1772146077.9032307,3.877401351928711,90,2026-02-26 22:47:57.903349
822,mqtt,f,21.27,45.88,4.83,1772146077.9541738,1772146077.9568417,2.6679039001464844,91,2026-02-26 22:47:57.956933
823,mqtt,f,28.94,49.49,3.18,1772146078.0077472,1772146078.0116467,3.8995742797851562,91,2026-02-26 22:47:58.011738
824,mqtt,f,28.37,41.12,3.47,1772146078.0627096,1772146078.065358,2.6483535766601562,91,2026-02-26 22:47:58.065491
825,mqtt,f,26.84,57.13,4.87,1772146078.116169,1772146078.119608,3.4389495849609375,90,2026-02-26 22:47:58.119786
826,mqtt,f,25.58,46.98,4.18,1772146078.1703875,1772146078.1727908,2.40325927734375,91,2026-02-26 22:47:58.172879
827,mqtt,f,28.65,56.26,1.97,1772146078.2237818,1772146078.2266455,2.863645553588867,91,2026-02-26 22:47:58.226757
828,mqtt,f,26.33,59.45,2.81,1772146078.2777746,1772146078.2806382,2.863645553588867,91,2026-02-26 22:47:58.280777
829,mqtt,f,25.81,41.51,4.74,1772146078.3314686,1772146078.3348517,3.383159637451172,91,2026-02-26 22:47:58.334951
830,mqtt,f,21.98,55.74,3.87,1772146078.385783,1772146078.3884275,2.6445388793945312,90,2026-02-26 22:47:58.388599
831,mqtt,f,20.26,43.64,3.51,1772146078.439429,1772146078.4429514,3.5223960876464844,90,2026-02-26 22:47:58.443045
832,mqtt,f,29.19,52.23,2.74,1772146078.4940145,1772146078.497292,3.2775402069091797,91,2026-02-26 22:47:58.497397
833,mqtt,f,26.42,53.35,2.91,1772146078.548383,1772146078.5524864,4.103422164916992,90,2026-02-26 22:47:58.552622
834,mqtt,f,27.09,52.95,2.52,1772146078.603654,1772146078.607754,4.10008430480957,90,2026-02-26 22:47:58.607844
835,mqtt,f,29.9,43.57,1.31,1772146078.6585302,1772146078.6618955,3.3652782440185547,90,2026-02-26 22:47:58.662154
836,mqtt,f,26.75,42.76,4.48,1772146078.7128108,1772146078.7166877,3.876924514770508,91,2026-02-26 22:47:58.716797
837,mqtt,f,20.05,55.55,4.73,1772146078.7673833,1772146078.769968,2.584695816040039,91,2026-02-26 22:47:58.770057
838,mqtt,f,22.14,49.41,1.04,1772146078.8209932,1772146078.824019,3.0257701873779297,91,2026-02-26 22:47:58.82414
839,mqtt,f,28.65,48.06,3.69,1772146078.8749728,1772146078.878453,3.480195999145508,91,2026-02-26 22:47:58.878563
840,mqtt,f,20.85,45.97,2.48,1772146078.9291458,1772146078.9320965,2.9506683349609375,91,2026-02-26 22:47:58.932195
841,mqtt,f,24.11,46.1,3.88,1772146078.9830754,1772146078.986209,3.133535385131836,90,2026-02-26 22:47:58.986334
842,mqtt,f,27.72,45.05,1.28,1772146079.0372088,1772146079.0410767,3.8678646087646484,91,2026-02-26 22:47:59.041251
843,mqtt,f,27.67,50.81,3.22,1772146079.0918643,1772146079.0949411,3.076791763305664,91,2026-02-26 22:47:59.095044
844,mqtt,f,24.64,45.84,4.17,1772146079.1456153,1772146079.1491454,3.5300254821777344,91,2026-02-26 22:47:59.149267
845,mqtt,f,26.97,48.42,3.04,1772146079.2002957,1772146079.203676,3.380298614501953,91,2026-02-26 22:47:59.203811
846,mqtt,f,23.55,43.97,4.72,1772146079.254474,1772146079.257013,2.5391578674316406,90,2026-02-26 22:47:59.257154
847,mqtt,f,24.21,56.45,4.03,1772146079.307864,1772146079.3109353,3.071308135986328,90,2026-02-26 22:47:59.311066
848,mqtt,f,27.29,54.14,1.52,1772146079.3619406,1772146079.3656726,3.731966018676758,91,2026-02-26 22:47:59.365813
849,mqtt,f,21.22,54.95,1.74,1772146079.4168518,1772146079.4203367,3.484964370727539,91,2026-02-26 22:47:59.42045
850,mqtt,f,21.89,46.32,1.53,1772146079.471122,1772146079.473637,2.515077590942383,90,2026-02-26 22:47:59.473732
851,mqtt,f,29.82,44.74,4.68,1772146079.5248551,1772146079.527817,2.961874008178711,91,2026-02-26 22:47:59.528037
852,mqtt,f,24.96,57.8,3.73,1772146079.5785544,1772146079.5841753,5.6209564208984375,90,2026-02-26 22:47:59.584333
853,mqtt,f,26.13,56.9,3.56,1772146079.6352313,1772146079.6384404,3.2091140747070312,90,2026-02-26 22:47:59.63857
854,mqtt,f,25.04,43.6,3.54,1772146079.689036,1772146079.6915557,2.519845962524414,89,2026-02-26 22:47:59.691644
855,mqtt,f,28.92,56.63,4.85,1772146079.742232,1772146079.7452593,3.027200698852539,90,2026-02-26 22:47:59.745361
856,mqtt,f,22.4,56.44,1.63,1772146079.796285,1772146079.7991579,2.872943878173828,89,2026-02-26 22:47:59.799265
857,mqtt,f,25.08,45,4.41,1772146079.8499458,1772146079.8527021,2.756357192993164,90,2026-02-26 22:47:59.852823
858,mqtt,f,27.02,51.41,2.13,1772146079.9035087,1772146079.9079757,4.467010498046875,91,2026-02-26 22:47:59.908071
859,mqtt,f,23.13,44.23,2.76,1772146079.95898,1772146079.9618936,2.9134750366210938,89,2026-02-26 22:47:59.962007
860,mqtt,f,26.96,59.6,1.92,1772146080.0128727,1772146080.0155923,2.7196407318115234,90,2026-02-26 22:48:00.015677
861,mqtt,f,20.36,45.39,4.15,1772146080.0666082,1772146080.0699766,3.368377685546875,91,2026-02-26 22:48:00.070139
862,mqtt,f,27.06,42.26,2.55,1772146080.120799,1772146080.1237364,2.93731689453125,90,2026-02-26 22:48:00.123846
863,mqtt,f,21.64,50.24,2.56,1772146080.174731,1772146080.1774905,2.7594566345214844,90,2026-02-26 22:48:00.177606
864,mqtt,f,24.37,47.69,3.51,1772146080.2286534,1772146080.2319174,3.2639503479003906,91,2026-02-26 22:48:00.232021
865,mqtt,f,29.84,44.55,1.57,1772146080.2831764,1772146080.2865832,3.4067630767822266,91,2026-02-26 22:48:00.286701
866,mqtt,f,29.4,40.83,2.1,1772146080.3374298,1772146080.3405056,3.075838088989258,89,2026-02-26 22:48:00.340624
867,mqtt,f,23.86,46.59,3.71,1772146080.3914196,1772146080.3952618,3.8421154022216797,91,2026-02-26 22:48:00.395352
868,mqtt,f,24.05,56.76,2.42,1772146080.4464905,1772146080.4499989,3.508329391479492,91,2026-02-26 22:48:00.450118
869,mqtt,f,23.45,43.31,4.3,1772146080.5010946,1772146080.504868,3.7734508514404297,90,2026-02-26 22:48:00.504997
870,mqtt,f,27.61,59.85,4.4,1772146080.555802,1772146080.5589013,3.099203109741211,89,2026-02-26 22:48:00.559007
871,mqtt,f,22.86,48.73,1.69,1772146080.609871,1772146080.6125798,2.708911895751953,90,2026-02-26 22:48:00.612779
872,mqtt,f,21.27,58.34,2.46,1772146080.663428,1772146080.6672013,3.773212432861328,90,2026-02-26 22:48:00.667321
873,mqtt,f,28.17,59.37,4.85,1772146080.7179437,1772146080.7207835,2.839803695678711,91,2026-02-26 22:48:00.720935
874,mqtt,f,22.03,42.35,2.14,1772146080.771587,1772146080.7747023,3.115415573120117,90,2026-02-26 22:48:00.774817
875,mqtt,f,26.3,51.77,2.71,1772146080.8257737,1772146080.8297062,3.932476043701172,90,2026-02-26 22:48:00.829851
876,mqtt,f,22.43,59.59,3.41,1772146080.8806822,1772146080.8832917,2.6094913482666016,91,2026-02-26 22:48:00.883443
877,mqtt,f,26.93,44.49,2.86,1772146080.9343898,1772146080.937471,3.081083297729492,91,2026-02-26 22:48:00.937612
878,mqtt,f,23.75,45.03,3.92,1772146080.9885268,1772146080.9932036,4.67681884765625,91,2026-02-26 22:48:00.993314
879,mqtt,f,26.36,58.46,3.12,1772146081.044181,1772146081.0468125,2.6314258575439453,90,2026-02-26 22:48:01.046947
880,mqtt,f,28.99,59.65,3.35,1772146081.0980158,1772146081.1009946,2.978801727294922,91,2026-02-26 22:48:01.10115
881,mqtt,f,24.08,48.78,1.65,1772146081.1521494,1772146081.155328,3.1785964965820312,91,2026-02-26 22:48:01.155433
882,mqtt,f,20.83,45.3,1.4,1772146081.206167,1772146081.2099562,3.789186477661133,88,2026-02-26 22:48:01.210066
883,mqtt,f,25.63,56.97,4.06,1772146081.261097,1772146081.2649581,3.8611888885498047,90,2026-02-26 22:48:01.265078
884,mqtt,f,20.43,57.93,1.16,1772146081.316009,1772146081.3189344,2.925395965576172,90,2026-02-26 22:48:01.319063
885,mqtt,f,23.23,58.29,1.59,1772146081.369773,1772146081.3728836,3.110647201538086,90,2026-02-26 22:48:01.372974
886,mqtt,f,28.84,54.91,2.03,1772146081.4237654,1772146081.4269583,3.192901611328125,91,2026-02-26 22:48:01.427068
887,mqtt,f,25.7,59.12,1.04,1772146081.4776728,1772146081.4807491,3.076314926147461,90,2026-02-26 22:48:01.480855
888,mqtt,f,20.54,59,2.68,1772146081.531842,1772146081.53531,3.468036651611328,89,2026-02-26 22:48:01.535463
889,mqtt,f,27.52,40.71,2.63,1772146081.5861695,1772146081.5887542,2.584695816040039,91,2026-02-26 22:48:01.58884
890,mqtt,f,28.01,40.1,3.24,1772146081.6396277,1772146081.642771,3.143310546875,90,2026-02-26 22:48:01.642863
891,mqtt,f,26.09,42.68,3.96,1772146081.693708,1772146081.697619,3.9110183715820312,90,2026-02-26 22:48:01.697755
892,mqtt,f,24.55,49.38,4.27,1772146081.748794,1772146081.7517343,2.9401779174804688,90,2026-02-26 22:48:01.751835
893,mqtt,f,20.36,54.84,2.8,1772146081.8025224,1772146081.8052845,2.7620792388916016,90,2026-02-26 22:48:01.805451
894,mqtt,f,29.23,53.73,4.01,1772146081.856126,1772146081.8585815,2.455472946166992,90,2026-02-26 22:48:01.858707
895,mqtt,f,28.83,55.54,1.13,1772146081.9094255,1772146081.9127212,3.2956600189208984,91,2026-02-26 22:48:01.912811
896,mqtt,f,28.89,50.44,1.51,1772146081.9635859,1772146081.966533,2.947092056274414,91,2026-02-26 22:48:01.966652
897,mqtt,f,24.86,52.84,4.06,1772146082.0173888,1772146082.0203617,2.972841262817383,91,2026-02-26 22:48:02.020455
898,mqtt,f,27.19,58.2,1.27,1772146082.0711546,1772146082.0742497,3.0951499938964844,90,2026-02-26 22:48:02.074386
899,mqtt,f,28.79,48.29,1.84,1772146082.1247811,1772146082.1277995,3.0183792114257812,91,2026-02-26 22:48:02.127904
900,mqtt,f,28.05,49.94,2.86,1772146082.178632,1772146082.1817515,3.1194686889648438,90,2026-02-26 22:48:02.181841
901,mqtt,f,20.3,56.9,2.22,1772146082.232921,1772146082.2358494,2.928495407104492,88,2026-02-26 22:48:02.235993
902,mqtt,f,26.81,46.96,3.03,1772146082.2866015,1772146082.2896388,3.0372142791748047,91,2026-02-26 22:48:02.289733
903,mqtt,f,23.07,40.1,2.38,1772146082.3404684,1772146082.344363,3.8945674896240234,90,2026-02-26 22:48:02.344493
904,mqtt,f,20.37,40.98,2.62,1772146082.3948274,1772146082.3988721,4.044771194458008,91,2026-02-26 22:48:02.398997
905,mqtt,f,28.85,50.5,2,1772146082.4495554,1772146082.452326,2.770662307739258,89,2026-02-26 22:48:02.452487
906,mqtt,f,25.94,41.63,3.41,1772146082.5029998,1772146082.5060425,3.0426979064941406,91,2026-02-26 22:48:02.506171
907,mqtt,f,26.18,52.48,4.25,1772146082.5567582,1772146082.559287,2.5289058685302734,91,2026-02-26 22:48:02.559382
908,mqtt,f,24.24,56.95,4.04,1772146082.610156,1772146082.6135418,3.385782241821289,90,2026-02-26 22:48:02.61363
909,mqtt,f,23.78,51.51,2.92,1772146082.6642137,1772146082.6672335,3.0198097229003906,91,2026-02-26 22:48:02.667336
910,mqtt,f,27.31,52.74,2.59,1772146082.71792,1772146082.7212038,3.2837390899658203,89,2026-02-26 22:48:02.721311
911,mqtt,f,23.13,59.88,4.54,1772146082.772072,1772146082.7747812,2.7091503143310547,90,2026-02-26 22:48:02.774955
912,mqtt,f,27.01,48.53,4.44,1772146082.8253849,1772146082.8280632,2.678394317626953,91,2026-02-26 22:48:02.828165
913,mqtt,f,29.13,54.93,4.66,1772146082.8788488,1772146082.8822372,3.3884048461914062,91,2026-02-26 22:48:02.882405
914,mqtt,f,28.22,58.05,3.27,1772146082.9329145,1772146082.9357924,2.877950668334961,91,2026-02-26 22:48:02.936003
915,mqtt,f,29.81,48.33,1.91,1772146082.9867237,1772146082.989857,3.1332969665527344,91,2026-02-26 22:48:02.989947
916,mqtt,f,27.56,48.39,4.06,1772146083.040472,1772146083.0430894,2.617359161376953,90,2026-02-26 22:48:03.043222
917,mqtt,f,21.25,56.89,4.72,1772146083.0936897,1772146083.0970006,3.3109188079833984,91,2026-02-26 22:48:03.097162
918,mqtt,f,22.32,59.83,4.21,1772146083.1478198,1772146083.1504407,2.6209354400634766,91,2026-02-26 22:48:03.15053
919,mqtt,f,28.6,48.04,4.84,1772146083.2012758,1772146083.2037835,2.5076866149902344,90,2026-02-26 22:48:03.203933
920,mqtt,f,22.92,58.29,3.83,1772146083.2545662,1772146083.2576995,3.1332969665527344,91,2026-02-26 22:48:03.257841
921,mqtt,f,24.34,43.79,2.87,1772146083.3085432,1772146083.3124268,3.8836002349853516,91,2026-02-26 22:48:03.312555
922,mqtt,f,27.8,52.68,1.76,1772146083.3632834,1772146083.3657572,2.4738311767578125,90,2026-02-26 22:48:03.365902
923,mqtt,f,28.22,58.29,3.52,1772146083.4165957,1772146083.4202752,3.679513931274414,91,2026-02-26 22:48:03.420374
924,mqtt,f,24.62,58.62,3.87,1772146083.4713805,1772146083.474776,3.395557403564453,91,2026-02-26 22:48:03.474903
925,mqtt,f,28.69,41.68,2.47,1772146083.5255158,1772146083.528522,3.0062198638916016,91,2026-02-26 22:48:03.528643
926,mqtt,f,28.92,50.07,4.3,1772146083.5791728,1772146083.5818202,2.64739990234375,90,2026-02-26 22:48:03.581907
927,mqtt,f,22.86,44.15,3.83,1772146083.6327262,1772146083.6350763,2.3500919342041016,91,2026-02-26 22:48:03.635157
928,mqtt,f,26.33,47.88,3.91,1772146083.6860142,1772146083.6887386,2.7244091033935547,91,2026-02-26 22:48:03.688858
929,mqtt,f,21.77,41.1,2.45,1772146083.739531,1772146083.7434201,3.8890838623046875,89,2026-02-26 22:48:03.74364
930,mqtt,f,26.81,49.35,2.3,1772146083.794198,1772146083.7974648,3.2668113708496094,89,2026-02-26 22:48:03.797589
931,mqtt,f,25.08,50.17,2.71,1772146083.848429,1772146083.8518567,3.427743911743164,90,2026-02-26 22:48:03.851976
932,mqtt,f,22.83,54.72,2.76,1772146083.9028869,1772146083.9055355,2.648591995239258,91,2026-02-26 22:48:03.905662
933,mqtt,f,22.59,53.74,2.61,1772146083.9561713,1772146083.9590652,2.8939247131347656,91,2026-02-26 22:48:03.959206
934,mqtt,f,29.37,59.5,2.18,1772146084.010038,1772146084.0131884,3.150463104248047,89,2026-02-26 22:48:04.013322
935,mqtt,f,24.58,59.49,1.4,1772146084.0638366,1772146084.067335,3.4983158111572266,90,2026-02-26 22:48:04.067462
936,mqtt,f,27.64,48.08,3.26,1772146084.1183045,1772146084.12165,3.345489501953125,91,2026-02-26 22:48:04.121784
937,mqtt,f,27.24,48.29,4.84,1772146084.1721718,1772146084.1748393,2.6674270629882812,91,2026-02-26 22:48:04.174917
938,mqtt,f,23.2,55.65,4.44,1772146084.2257106,1772146084.2294455,3.7348270416259766,90,2026-02-26 22:48:04.229608
939,mqtt,f,23.16,47.65,1.14,1772146084.2802944,1772146084.283637,3.3426284790039062,91,2026-02-26 22:48:04.283818
940,mqtt,f,29.85,59.36,4.8,1772146084.3344226,1772146084.33701,2.5873184204101562,90,2026-02-26 22:48:04.337111
941,mqtt,f,21.59,58.18,2.56,1772146084.3877356,1772146084.3913913,3.655672073364258,91,2026-02-26 22:48:04.39149
942,mqtt,f,29.63,49.72,4.78,1772146084.4421868,1772146084.444935,2.748250961303711,91,2026-02-26 22:48:04.445025
943,mqtt,f,22.09,47.26,1.71,1772146084.495841,1772146084.4986217,2.7806758880615234,90,2026-02-26 22:48:04.498705
944,mqtt,f,28.28,59.5,1.26,1772146084.5492105,1772146084.552733,3.5223960876464844,90,2026-02-26 22:48:04.552837
945,mqtt,f,27.99,58.68,2.03,1772146084.6033216,1772146084.606221,2.8994083404541016,91,2026-02-26 22:48:04.606342
946,mqtt,f,21.62,59,3.67,1772146084.6571665,1772146084.6600769,2.9103755950927734,90,2026-02-26 22:48:04.660155
947,mqtt,f,24.43,57.23,3.15,1772146084.7110517,1772146084.713997,2.9451847076416016,91,2026-02-26 22:48:04.71411
948,mqtt,f,21.6,55.36,2.65,1772146084.7645104,1772146084.767287,2.776622772216797,90,2026-02-26 22:48:04.767416
949,mqtt,f,27.8,44.76,2.81,1772146084.8182209,1772146084.820995,2.7742385864257812,90,2026-02-26 22:48:04.821089
950,mqtt,f,20.07,55.89,2.75,1772146084.871712,1772146084.874499,2.7871131896972656,90,2026-02-26 22:48:04.874607
951,mqtt,f,21.16,59.49,2.22,1772146084.925818,1772146084.9294329,3.6149024963378906,90,2026-02-26 22:48:04.929516
952,mqtt,f,23.98,45.4,2.24,1772146084.980553,1772146084.9838552,3.302335739135742,89,2026-02-26 22:48:04.984013
953,mqtt,f,22.72,56.32,3.33,1772146085.0348275,1772146085.038345,3.517627716064453,91,2026-02-26 22:48:05.03844
954,mqtt,f,26.16,48.6,2.47,1772146085.0892823,1772146085.0924773,3.195047378540039,90,2026-02-26 22:48:05.092608
955,mqtt,f,23.64,44.77,3.06,1772146085.1433103,1772146085.1466658,3.3555030822753906,91,2026-02-26 22:48:05.146744
956,mqtt,f,23.32,42.99,2.62,1772146085.1974974,1772146085.2005074,3.0100345611572266,91,2026-02-26 22:48:05.200732
957,mqtt,f,28.69,50.79,3.98,1772146085.2511024,1772146085.2543972,3.294706344604492,91,2026-02-26 22:48:05.254529
958,mqtt,f,20.43,40.8,3.92,1772146085.3054523,1772146085.3088062,3.3538341522216797,90,2026-02-26 22:48:05.308908
959,mqtt,f,24.2,57.99,3.44,1772146085.3598056,1772146085.364397,4.591464996337891,90,2026-02-26 22:48:05.364491
960,mqtt,f,28.5,59.25,4.52,1772146085.4151573,1772146085.4181857,3.028392791748047,90,2026-02-26 22:48:05.41827
961,mqtt,f,26.5,58.83,3.82,1772146085.4691856,1772146085.472562,3.376483917236328,90,2026-02-26 22:48:05.472753
962,mqtt,f,20.9,48.6,2.66,1772146085.5232837,1772146085.5267076,3.423929214477539,89,2026-02-26 22:48:05.5268
963,mqtt,f,21.87,45.51,3.12,1772146085.5775738,1772146085.580003,2.4292469024658203,91,2026-02-26 22:48:05.580107
964,mqtt,f,26.86,43.79,1.58,1772146085.6309476,1772146085.6340768,3.129243850708008,91,2026-02-26 22:48:05.634223
965,mqtt,f,25.45,55.53,3.3,1772146085.6849737,1772146085.688137,3.1633377075195312,90,2026-02-26 22:48:05.688275
966,mqtt,f,25.21,43.93,4.76,1772146085.7390285,1772146085.7430277,3.9992332458496094,91,2026-02-26 22:48:05.743142
967,mqtt,f,21.49,50.06,3.57,1772146085.794031,1772146085.799097,5.066156387329102,90,2026-02-26 22:48:05.799192
968,mqtt,f,23.2,48.98,3.84,1772146085.8498015,1772146085.853187,3.3855438232421875,90,2026-02-26 22:48:05.853298
969,mqtt,f,29.19,40.12,1.15,1772146085.9044235,1772146085.907839,3.4155845642089844,91,2026-02-26 22:48:05.907983
970,mqtt,f,29.12,53.08,4.36,1772146085.9587672,1772146085.9633994,4.632234573364258,91,2026-02-26 22:48:05.963492
971,mqtt,f,20.82,45.41,1.93,1772146086.0141027,1772146086.0173426,3.239870071411133,91,2026-02-26 22:48:06.017478
972,mqtt,f,25.47,54.72,2.38,1772146086.0681837,1772146086.0707507,2.5670528411865234,91,2026-02-26 22:48:06.070846
973,mqtt,f,29.94,57.14,4.39,1772146086.121444,1772146086.1243217,2.8777122497558594,90,2026-02-26 22:48:06.124414
974,mqtt,f,28.66,40.57,3.89,1772146086.1751328,1772146086.1775672,2.4344921112060547,91,2026-02-26 22:48:06.177701
975,mqtt,f,21.78,52.5,4.47,1772146086.2286074,1772146086.2311878,2.580404281616211,90,2026-02-26 22:48:06.231351
976,mqtt,f,28.16,53.48,3.44,1772146086.2821841,1772146086.2848113,2.627134323120117,91,2026-02-26 22:48:06.28494
977,mqtt,f,28.34,58.62,4.38,1772146086.3355918,1772146086.338337,2.7451515197753906,91,2026-02-26 22:48:06.338437
978,mqtt,f,26.53,53.6,1.23,1772146086.3891551,1772146086.3921216,2.9664039611816406,90,2026-02-26 22:48:06.392268
979,mqtt,f,22.28,40.79,2.59,1772146086.4425824,1772146086.4449756,2.3932456970214844,91,2026-02-26 22:48:06.445052
980,mqtt,f,21.8,47.88,2.74,1772146086.4959304,1772146086.4988282,2.8977394104003906,90,2026-02-26 22:48:06.498922
981,mqtt,f,23.03,41.16,1.33,1772146086.5497792,1772146086.5521681,2.3889541625976562,91,2026-02-26 22:48:06.552249
982,mqtt,f,27.05,58.61,1.31,1772146086.6030478,1772146086.6064844,3.436565399169922,91,2026-02-26 22:48:06.606598
983,mqtt,f,23.91,45.5,1.1,1772146086.657282,1772146086.662157,4.874944686889648,88,2026-02-26 22:48:06.662372
984,mqtt,f,22.11,54.21,1.67,1772146086.7125926,1772146086.7151015,2.508878707885742,91,2026-02-26 22:48:06.715202
985,mqtt,f,20.8,42.66,2.45,1772146086.766057,1772146086.769154,3.097057342529297,89,2026-02-26 22:48:06.769272
986,mqtt,f,24.5,51.35,4.31,1772146086.820384,1772146086.8233552,2.971172332763672,89,2026-02-26 22:48:06.823542
987,mqtt,f,24.4,43.4,1.35,1772146086.874102,1772146086.8769076,2.805471420288086,88,2026-02-26 22:48:06.877193
988,mqtt,f,24,43.11,1.37,1772146086.9277937,1772146086.9313416,3.5479068756103516,90,2026-02-26 22:48:06.931432
989,mqtt,f,27.72,55.93,4.69,1772146086.9820585,1772146086.9845147,2.456188201904297,91,2026-02-26 22:48:06.984619
990,mqtt,f,27.81,40.52,2.46,1772146087.0353506,1772146087.038556,3.205537796020508,91,2026-02-26 22:48:07.038698
991,mqtt,f,21.28,57.09,1.71,1772146087.0894582,1772146087.0922523,2.794027328491211,91,2026-02-26 22:48:07.092351
992,mqtt,f,20.4,45.92,3.04,1772146087.1430302,1772146087.146567,3.5369396209716797,90,2026-02-26 22:48:07.146648
993,mqtt,f,25.51,43.97,2.55,1772146087.197566,1772146087.2009394,3.373384475708008,90,2026-02-26 22:48:07.201052
994,mqtt,f,21.43,56.53,4.86,1772146087.2517524,1772146087.254596,2.843618392944336,91,2026-02-26 22:48:07.254707
995,mqtt,f,26.52,40.78,2.02,1772146087.3055756,1772146087.3086514,3.075838088989258,91,2026-02-26 22:48:07.308793
996,mqtt,f,29.85,57.35,1.88,1772146087.359379,1772146087.3620636,2.6845932006835938,90,2026-02-26 22:48:07.362185
997,mqtt,f,24.47,45.51,1.18,1772146087.412734,1772146087.4161694,3.435373306274414,90,2026-02-26 22:48:07.416262
998,mqtt,f,22.97,54.94,3.82,1772146087.4669805,1772146087.4698596,2.8791427612304688,91,2026-02-26 22:48:07.469945
999,mqtt,f,25.26,56.82,4.85,1772146087.520681,1772146087.5235271,2.846240997314453,90,2026-02-26 22:48:07.523623
1000,mqtt,f,23.42,45.71,3.06,1772146087.5743911,1772146087.57738,2.9888153076171875,91,2026-02-26 22:48:07.57746
1001,mqtt,f,27.92,46.64,4.8,1772146087.6281493,1772146087.6319418,3.7925243377685547,90,2026-02-26 22:48:07.632045
1002,mqtt,f,21.71,59.34,4.19,1772146087.682821,1772146087.6867013,3.8802623748779297,90,2026-02-26 22:48:07.686811
1003,mqtt,f,29.35,41.84,4.36,1772146087.737585,1772146087.7401183,2.5331974029541016,90,2026-02-26 22:48:07.740206
1004,mqtt,f,21.48,58.01,2.13,1772146087.7909796,1772146087.7944546,3.4749507904052734,91,2026-02-26 22:48:07.794539
1005,mqtt,f,21.31,42.79,4.69,1772146087.8453524,1772146087.8481753,2.8228759765625,91,2026-02-26 22:48:07.848317
1006,mqtt,f,26.23,54.03,1.92,1772146087.8987896,1772146087.901837,3.047466278076172,91,2026-02-26 22:48:07.901982
1007,mqtt,f,23.67,57.82,2.64,1772146087.9527302,1772146087.9554527,2.722501754760742,91,2026-02-26 22:48:07.955601
1008,mqtt,f,24.71,44.81,2.52,1772146088.0061831,1772146088.008673,2.489805221557617,91,2026-02-26 22:48:08.008758
1009,mqtt,f,29.05,55.27,1.82,1772146088.0597827,1772146088.0626168,2.8340816497802734,91,2026-02-26 22:48:08.062721
1010,mqtt,f,26.16,59,4.04,1772146088.1135526,1772146088.1164286,2.8760433197021484,90,2026-02-26 22:48:08.116532
1011,mqtt,f,23.98,49.56,1.24,1772146088.1672683,1772146088.171071,3.802776336669922,91,2026-02-26 22:48:08.17119
1012,mqtt,f,27.85,56.08,2.58,1772146088.2218673,1772146088.2249763,3.108978271484375,91,2026-02-26 22:48:08.225083
1013,mqtt,f,27.59,54.75,4.98,1772146088.2756667,1772146088.2793872,3.720521926879883,91,2026-02-26 22:48:08.279523
1014,mqtt,f,25.11,59.5,3.92,1772146088.3303397,1772146088.333627,3.2873153686523438,90,2026-02-26 22:48:08.33373
1015,mqtt,f,22.13,40.94,2.66,1772146088.3844445,1772146088.387497,3.0524730682373047,91,2026-02-26 22:48:08.387678
1016,mqtt,f,24.43,42.96,1.52,1772146088.4382992,1772146088.4412115,2.912282943725586,91,2026-02-26 22:48:08.441395
1017,mqtt,f,26.96,43.56,2.1,1772146088.492131,1772146088.4953253,3.1943321228027344,89,2026-02-26 22:48:08.495437
1018,mqtt,f,22.85,48.57,1.93,1772146088.5461364,1772146088.5497017,3.5653114318847656,91,2026-02-26 22:48:08.549853
1019,mqtt,f,26.65,50.2,4.92,1772146088.6004803,1772146088.6029136,2.433300018310547,90,2026-02-26 22:48:08.603006
1020,mqtt,f,23.93,58.94,1.59,1772146088.653678,1772146088.6573076,3.6296844482421875,90,2026-02-26 22:48:08.657451
1021,mqtt,f,22.99,41.28,4.37,1772146088.7083874,1772146088.7108724,2.485036849975586,91,2026-02-26 22:48:08.710954
